Teams,Total Matches,Wins Team 1,Wins Team 2,Draws
Argentina vs Bahamas,3,3,0,0
Argentina vs Belize,2,2,0,0
Argentina vs Bermuda,4,3,1,0
Argentina vs Brazil,4,2,2,0
Argentina vs Canada,3,2,1,0
Argentina vs Cayman Islands,2,1,1,0
Argentina vs Chile,3,2,1,0
Argentina vs Mexico,3,1,2,0
Argentina vs Panama,2,1,1,0
Argentina vs Suriname,1,0,1,0
Argentina vs United States of America,3,2,1,0
Australia vs Bangladesh,22,10,11,1
Australia vs Barbados,1,0,1,0
Australia vs England,124,57,57,10
Australia vs India,125,55,59,11
Australia vs Ireland,12,5,7,0
Australia vs Namibia,1,0,1,0
Australia vs Netherlands,1,1,0,0
Australia vs New Zealand,80,46,31,3
Australia vs Oman,1,1,0,0
Australia vs Pakistan,65,38,21,6
Australia vs Scotland,5,2,3,0
Australia vs South Africa,60,33,25,2
Australia vs Sri Lanka,56,27,28,1
Australia vs United Arab Emirates,1,0,1,0
Australia vs West Indies,47,22,23,2
Australia vs Zimbabwe,5,1,4,0
Austria vs Czech Republic,4,1,3,0
Austria vs Denmark,2,0,2,0
Austria vs France,1,0,1,0
Austria vs Germany,10,6,4,0
Austria vs Guernsey,1,0,1,0
Austria vs Hungary,3,1,2,0
Austria vs Ireland,1,1,0,0
Austria vs Israel,1,0,1,0
Austria vs Jersey,1,0,1,0
Austria vs Luxembourg,5,3,2,0
Austria vs Malta,2,0,2,0
Austria vs Norway,1,0,1,0
Austria vs Portugal,1,0,1,0
Austria vs Romania,1,0,1,0
Austria vs Scotland,1,1,0,0
Austria vs Slovenia,1,1,0,0
Austria vs Sweden,2,2,0,0
Bahamas vs Belize,1,1,0,0
Bahamas vs Bermuda,3,2,1,0
Bahamas vs Brazil,1,1,0,0
Bahamas vs Cayman Islands,2,1,1,0
Bahamas vs Mexico,1,1,0,0
Bahamas vs Panama,3,2,1,0
Bahamas vs Suriname,1,1,0,0
Bahamas vs United States of America,1,0,1,0
Bahrain vs Bhutan,2,2,0,0
Bahrain vs Cambodia,2,1,1,0
Bahrain vs Canada,3,0,3,0
Bahrain vs Germany,1,0,1,0
Bahrain vs Hong Kong,3,2,1,0
Bahrain vs Indonesia,6,3,3,0
Bahrain vs Ireland,1,1,0,0
Bahrain vs Kuwait,14,5,8,1
Bahrain vs Malaysia,7,3,4,0
Bahrain vs Maldives,1,0,1,0
Bahrain vs Nepal,2,0,2,0
Bahrain vs Oman,6,4,2,0
Bahrain vs Philippines,1,1,0,0
Bahrain vs Qatar,13,6,6,1
Bahrain vs Saudi Arabia,8,5,3,0
Bahrain vs Singapore,5,1,3,1
Bahrain vs Tanzania,1,1,0,0
Bahrain vs Thailand,1,0,1,0
Bahrain vs Uganda,2,1,1,0
Bahrain vs United Arab Emirates,8,5,3,0
Bahrain vs Vanuatu,1,1,0,0
Bangladesh vs England,20,11,9,0
Bangladesh vs India,57,28,27,2
Bangladesh vs Ireland,30,13,13,4
Bangladesh vs Kenya,1,1,0,0
Bangladesh vs Malaysia,5,4,1,0
Bangladesh vs Maldives,1,1,0,0
Bangladesh vs Nepal,2,1,1,0
Bangladesh vs Netherlands,5,4,1,0
Bangladesh vs New Zealand,56,32,20,4
Bangladesh vs Oman,2,2,0,0
Bangladesh vs Pakistan,43,18,23,2
Bangladesh vs Papua New Guinea,3,2,1,0
Bangladesh vs Scotland,7,4,3,0
Bangladesh vs South Africa,46,25,18,3
Bangladesh vs Sri Lanka,55,27,23,5
Bangladesh vs Thailand,5,2,3,0
Bangladesh vs United Arab Emirates,4,3,1,0
Bangladesh vs United States of America,5,3,2,0
Bangladesh vs West Indies,52,28,23,1
Bangladesh vs Zimbabwe,44,27,17,0
Barbados vs India,1,1,0,0
Barbados vs Pakistan,1,1,0,0
Belgium vs Croatia,1,1,0,0
Belgium vs Czech Republic,1,1,0,0
Belgium vs Denmark,1,1,0,0
Belgium vs France,3,0,2,1
Belgium vs Germany,2,0,2,0
Belgium vs Gibraltar,1,0,1,0
Belgium vs Hungary,1,0,1,0
Belgium vs Jersey,1,1,0,0
Belgium vs Luxembourg,2,2,0,0
Belgium vs Malta,7,2,5,0
Belgium vs Portugal,1,0,1,0
Belgium vs Serbia,1,1,0,0
Belgium vs Spain,1,0,1,0
Belgium vs Switzerland,1,0,1,0
Belize vs Bermuda,2,1,1,0
Belize vs Brazil,1,0,1,0
Belize vs Canada,1,1,0,0
Belize vs Cayman Islands,1,1,0,0
Belize vs Panama,2,1,1,0
Belize vs Suriname,1,0,1,0
Belize vs United States of America,1,0,1,0
Bermuda vs Brazil,1,1,0,0
Bermuda vs Canada,3,2,0,1
Bermuda vs Cayman Islands,5,5,0,0
Bermuda vs Kenya,1,0,1,0
Bermuda vs Mexico,1,0,1,0
Bermuda vs Namibia,1,0,1,0
Bermuda vs Netherlands,1,0,1,0
Bermuda vs Panama,4,1,3,0
Bermuda vs Papua New Guinea,1,0,1,0
Bermuda vs Scotland,1,0,1,0
Bermuda vs Singapore,1,0,1,0
Bermuda vs Suriname,1,1,0,0
Bermuda vs United States of America,3,2,1,0
Bhutan vs Cambodia,1,0,1,0
Bhutan vs China,1,1,0,0
Bhutan vs Hong Kong,3,3,0,0
Bhutan vs Indonesia,6,3,3,0
Bhutan vs Kuwait,2,1,1,0
Bhutan vs Malaysia,5,3,2,0
Bhutan vs Maldives,9,4,5,0
Bhutan vs Myanmar,5,2,3,0
Bhutan vs Nepal,5,2,3,0
Bhutan vs Qatar,2,0,2,0
Bhutan vs Saudi Arabia,3,2,1,0
Bhutan vs Singapore,2,1,1,0
Bhutan vs Thailand,6,3,3,0
Bhutan vs United Arab Emirates,3,2,1,0
Botswana vs Cameroon,2,1,1,0
Botswana vs Eswatini,2,2,0,0
Botswana vs Ghana,1,1,0,0
Botswana vs Ivory Coast,1,0,1,0
Botswana vs Kenya,10,4,6,0
Botswana vs Lesotho,5,4,1,0
Botswana vs Malawi,2,2,0,0
Botswana vs Mali,1,0,1,0
Botswana vs Mozambique,6,3,3,0
Botswana vs Namibia,12,10,2,0
Botswana vs Nigeria,8,2,6,0
Botswana vs Rwanda,11,3,8,0
Botswana vs Seychelles,1,0,0,1
Botswana vs Sierra Leone,4,2,2,0
Botswana vs St Helena,1,0,1,0
Botswana vs Tanzania,5,2,3,0
Botswana vs Uganda,8,6,2,0
Botswana vs Zimbabwe,1,1,0,0
Brazil vs Canada,2,2,0,0
Brazil vs Cayman Islands,1,1,0,0
Brazil vs Germany,1,1,0,0
Brazil vs Kenya,1,1,0,0
Brazil vs Mexico,2,2,0,0
Brazil vs Nigeria,1,0,1,0
Brazil vs Panama,1,0,1,0
Brazil vs Rwanda,1,1,0,0
Brazil vs Suriname,1,0,1,0
Brazil vs United States of America,2,1,1,0
Bulgaria vs Croatia,1,0,1,0
Bulgaria vs Czech Republic,2,1,1,0
Bulgaria vs Estonia,1,0,1,0
Bulgaria vs Finland,1,1,0,0
Bulgaria vs Gibraltar,4,1,3,0
Bulgaria vs Greece,2,0,1,1
Bulgaria vs Guernsey,2,1,1,0
Bulgaria vs Hungary,1,1,0,0
Bulgaria vs Luxembourg,2,2,0,0
Bulgaria vs Malta,3,1,2,0
Bulgaria vs Romania,7,3,4,0
Bulgaria vs Serbia,11,2,9,0
Bulgaria vs Slovenia,1,0,1,0
Bulgaria vs Switzerland,1,0,1,0
Bulgaria vs Turkey,1,0,1,0
Cambodia vs China,1,1,0,0
Cambodia vs Indonesia,7,1,6,0
Cambodia vs Kuwait,1,0,1,0
Cambodia vs Myanmar,1,0,1,0
Cambodia vs Oman,1,1,0,0
Cambodia vs Qatar,1,1,0,0
Cambodia vs Saudi Arabia,2,0,2,0
Cambodia vs Singapore,5,1,4,0
Cambodia vs Thailand,1,1,0,0
Cambodia vs United Arab Emirates,2,0,2,0
Cameroon vs Eswatini,1,1,0,0
Cameroon vs Gambia,1,1,0,0
Cameroon vs Ghana,1,0,1,0
Cameroon vs Kenya,3,1,2,0
Cameroon vs Lesotho,1,0,1,0
Cameroon vs Malawi,3,0,3,0
Cameroon vs Mali,1,0,1,0
Cameroon vs Mozambique,3,2,1,0
Cameroon vs Nigeria,2,0,2,0
Cameroon vs Rwanda,1,1,0,0
Cameroon vs Sierra Leone,5,0,5,0
Cameroon vs Tanzania,3,2,1,0
Cameroon vs Uganda,1,1,0,0
Canada vs Cayman Islands,4,4,0,0
Canada vs Germany,1,0,1,0
Canada vs Hong Kong,1,0,1,0
Canada vs Ireland,2,2,0,0
Canada vs Jersey,1,1,0,0
Canada vs Namibia,1,1,0,0
Canada vs Nepal,8,3,5,0
Canada vs Netherlands,4,2,2,0
Canada vs Nigeria,1,1,0,0
Canada vs Oman,9,2,7,0
Canada vs Pakistan,1,0,1,0
Canada vs Panama,2,2,0,0
Canada vs Papua New Guinea,1,1,0,0
Canada vs Philippines,1,1,0,0
Canada vs Saudi Arabia,2,2,0,0
Canada vs Scotland,2,0,2,0
Canada vs United Arab Emirates,4,2,2,0
Canada vs United States of America,19,13,4,2
Cayman Islands vs Mexico,1,0,1,0
Cayman Islands vs Panama,3,2,1,0
Cayman Islands vs Suriname,1,0,1,0
Cayman Islands vs United States of America,2,0,2,0
Chile vs Mexico,1,0,1,0
China vs Hong Kong,11,6,5,0
China vs Japan,3,2,1,0
China vs Kuwait,2,2,0,0
China vs Malaysia,2,1,1,0
China vs Mongolia,1,0,1,0
China vs Myanmar,3,0,3,0
China vs Namibia,1,0,1,0
China vs Nepal,1,0,1,0
China vs Oman,1,0,1,0
China vs South Korea,2,0,2,0
China vs Thailand,4,2,2,0
China vs United Arab Emirates,2,1,1,0
Cook Islands vs Fiji,5,2,3,0
Cook Islands vs Indonesia,1,1,0,0
Cook Islands vs Japan,1,1,0,0
Cook Islands vs Papua New Guinea,1,1,0,0
Cook Islands vs Samoa,3,0,3,0
Cook Islands vs Vanuatu,5,1,4,0
Costa Rica vs Mexico,7,4,2,1
Croatia vs Czech Republic,2,1,1,0
Croatia vs Finland,1,0,1,0
Croatia vs Germany,1,0,1,0
Croatia vs Gibraltar,2,1,1,0
Croatia vs Greece,1,1,0,0
Croatia vs Hungary,2,1,1,0
Croatia vs Italy,1,1,0,0
Croatia vs Serbia,3,1,2,0
Croatia vs Spain,5,2,3,0
Croatia vs Sweden,1,0,1,0
Croatia vs Switzerland,1,0,1,0
Croatia vs Turkey,1,0,1,0
Cyprus vs Czech Republic,1,0,1,0
Cyprus vs Denmark,1,1,0,0
Cyprus vs Estonia,12,6,6,0
Cyprus vs Finland,1,1,0,0
Cyprus vs Greece,1,0,1,0
Cyprus vs Isle of Man,3,0,3,0
Cyprus vs Malta,1,1,0,0
Cyprus vs Romania,1,1,0,0
Cyprus vs Serbia,3,1,2,0
Cyprus vs Spain,1,1,0,0
Cyprus vs Turkey,1,1,0,0
Czech Republic vs Denmark,1,1,0,0
Czech Republic vs Estonia,2,1,1,0
Czech Republic vs France,1,1,0,0
Czech Republic vs Gibraltar,3,3,0,0
Czech Republic vs Greece,1,1,0,0
Czech Republic vs Hungary,5,2,2,1
Czech Republic vs Luxembourg,4,1,3,0
Czech Republic vs Malta,1,1,0,0
Czech Republic vs Romania,2,2,0,0
Czech Republic vs Spain,1,1,0,0
Czech Republic vs Switzerland,1,0,1,0
Denmark vs Estonia,1,0,1,0
Denmark vs Finland,5,3,2,0
Denmark vs Germany,4,1,3,0
Denmark vs Gibraltar,1,1,0,0
Denmark vs Greece,1,1,0,0
Denmark vs Guernsey,3,1,1,1
Denmark vs Ireland,1,0,1,0
Denmark vs Italy,4,3,1,0
Denmark vs Jersey,6,3,3,0
Denmark vs Luxembourg,1,1,0,0
Denmark vs Norway,4,3,1,0
Denmark vs Portugal,1,0,1,0
Denmark vs Scotland,1,1,0,0
Denmark vs Spain,1,1,0,0
Denmark vs Sweden,5,0,5,0
England vs India,100,49,48,3
England vs Ireland,18,7,9,2
England vs Namibia,1,1,0,0
England vs Netherlands,4,2,2,0
England vs New Zealand,90,41,44,5
England vs Oman,1,0,1,0
England vs Pakistan,82,49,25,8
England vs Scotland,3,1,1,1
England vs South Africa,83,40,39,4
England vs Sri Lanka,52,19,27,6
England vs Thailand,1,1,0,0
England vs United States of America,1,0,1,0
England vs West Indies,84,36,43,5
Estonia vs Finland,1,0,1,0
Estonia vs Gibraltar,5,3,2,0
Estonia vs Guernsey,1,0,1,0
Estonia vs Isle of Man,2,0,2,0
Estonia vs Malta,1,0,1,0
Estonia vs Norway,2,1,1,0
Estonia vs Switzerland,1,1,0,0
Eswatini vs Gambia,1,0,1,0
Eswatini vs Ivory Coast,1,0,1,0
Eswatini vs Mozambique,3,2,1,0
Eswatini vs Nigeria,2,1,1,0
Eswatini vs Rwanda,1,1,0,0
Eswatini vs Sierra Leone,3,3,0,0
Eswatini vs St Helena,1,1,0,0
Eswatini vs Tanzania,2,2,0,0
Eswatini vs Zimbabwe,1,0,1,0
Fiji vs Indonesia,1,0,1,0
Fiji vs Japan,2,0,2,0
Fiji vs Papua New Guinea,2,0,2,0
Fiji vs Samoa,5,3,2,0
Fiji vs Vanuatu,3,2,1,0
Finland vs Greece,1,1,0,0
Finland vs Guernsey,1,1,0,0
Finland vs Italy,1,0,1,0
Finland vs Malta,1,0,1,0
Finland vs Norway,4,1,3,0
Finland vs Spain,1,1,0,0
Finland vs Sweden,6,1,4,1
France vs Germany,7,3,4,0
France vs Guernsey,1,1,0,0
France vs Ireland,1,0,1,0
France vs Isle of Man,1,1,0,0
France vs Italy,3,1,2,0
France vs Jersey,1,1,0,0
France vs Luxembourg,4,2,2,0
France vs Malta,6,5,1,0
France vs Netherlands,3,0,3,0
France vs Norway,3,2,1,0
France vs Romania,1,1,0,0
France vs Scotland,3,1,2,0
France vs Sweden,1,1,0,0
France vs Switzerland,2,0,2,0
France vs Turkey,2,2,0,0
Gambia vs Ghana,1,1,0,0
Gambia vs Kenya,1,1,0,0
Gambia vs Mozambique,2,1,1,0
Gambia vs Sierra Leone,1,0,1,0
Gambia vs Tanzania,1,0,1,0
Gambia vs Zimbabwe,1,1,0,0
Germany vs Gibraltar,1,1,0,0
Germany vs Guernsey,4,1,3,0
Germany vs Ireland,2,1,1,0
Germany vs Italy,11,3,8,0
Germany vs Jersey,7,4,3,0
Germany vs Netherlands,2,0,2,0
Germany vs Nigeria,1,0,1,0
Germany vs Norway,5,3,2,0
Germany vs Oman,4,0,4,0
Germany vs Philippines,1,0,1,0
Germany vs Scotland,3,1,2,0
Germany vs Spain,7,3,4,0
Germany vs Sweden,4,2,2,0
Germany vs Uganda,1,1,0,0
Germany vs United Arab Emirates,1,1,0,0
Ghana vs Kenya,2,0,2,0
Ghana vs Lesotho,1,1,0,0
Ghana vs Malawi,2,1,1,0
Ghana vs Mali,1,0,1,0
Ghana vs Mozambique,2,1,1,0
Ghana vs Namibia,1,0,1,0
Ghana vs Nigeria,5,2,3,0
Ghana vs Rwanda,9,4,4,1
Ghana vs Seychelles,1,0,1,0
Ghana vs Sierra Leone,4,1,3,0
Ghana vs South Africa,1,1,0,0
Ghana vs Swaziland,1,0,1,0
Ghana vs Tanzania,2,0,2,0
Ghana vs Uganda,4,3,1,0
Gibraltar vs Hungary,2,0,2,0
Gibraltar vs Jersey,2,0,2,0
Gibraltar vs Luxembourg,2,2,0,0
Gibraltar vs Malta,8,5,3,0
Gibraltar vs Norway,1,1,0,0
Gibraltar vs Portugal,8,2,6,0
Gibraltar vs Romania,2,0,2,0
Gibraltar vs Serbia,4,0,4,0
Gibraltar vs Slovenia,1,0,1,0
Gibraltar vs Spain,2,2,0,0
Gibraltar vs Sweden,1,0,1,0
Gibraltar vs Switzerland,1,0,1,0
Greece vs Isle of Man,4,1,3,0
Greece vs Malta,1,0,1,0
Greece vs Romania,2,1,1,0
Greece vs Serbia,2,1,1,0
Greece vs Spain,5,1,4,0
Greece vs Sweden,1,1,0,0
Guernsey vs Isle of Man,1,0,1,0
Guernsey vs Italy,1,0,1,0
Guernsey vs Jersey,6,3,3,0
Guernsey vs Luxembourg,1,1,0,0
Guernsey vs Malta,1,0,1,0
Guernsey vs Norway,4,2,2,0
Guernsey vs Slovenia,1,0,1,0
Guernsey vs Spain,2,0,2,0
Hong Kong vs India,2,2,0,0
Hong Kong vs Ireland,4,0,4,0
Hong Kong vs Japan,10,4,5,1
Hong Kong vs Jersey,1,1,0,0
Hong Kong vs Kuwait,12,6,5,1
Hong Kong vs Malaysia,17,12,5,0
Hong Kong vs Maldives,2,1,1,0
Hong Kong vs Mongolia,2,0,2,0
Hong Kong vs Myanmar,3,1,2,0
Hong Kong vs Namibia,2,1,1,0
Hong Kong vs Nepal,15,4,10,1
Hong Kong vs Netherlands,7,3,4,0
Hong Kong vs Nigeria,1,1,0,0
Hong Kong vs Oman,8,1,7,0
Hong Kong vs Pakistan,3,2,1,0
Hong Kong vs Papua New Guinea,8,4,4,0
Hong Kong vs Qatar,4,2,1,1
Hong Kong vs Saudi Arabia,1,1,0,0
Hong Kong vs Scotland,9,3,5,1
Hong Kong vs Singapore,4,2,2,0
Hong Kong vs South Korea,1,1,0,0
Hong Kong vs Tanzania,2,0,2,0
Hong Kong vs Thailand,5,3,2,0
Hong Kong vs Uganda,3,1,2,0
Hong Kong vs United Arab Emirates,17,9,8,0
Hong Kong vs Zimbabwe,2,1,1,0
Hungary vs Israel,2,1,1,0
Hungary vs Luxembourg,1,1,0,0
Hungary vs Malta,4,2,2,0
Hungary vs Portugal,1,1,0,0
Hungary vs Romania,3,1,2,0
ICC World XI vs Pakistan,3,2,1,0
ICC World XI vs West Indies,1,1,0,0
India vs Ireland,15,11,4,0
India vs Malaysia,3,2,0,1
India vs Namibia,1,0,1,0
India vs Nepal,3,2,1,0
India vs Netherlands,2,2,0,0
India vs New Zealand,80,45,29,6
India vs Pakistan,29,12,16,1
India vs Scotland,1,0,1,0
India vs South Africa,101,50,46,5
India vs Sri Lanka,80,37,38,5
India vs Thailand,3,2,1,0
India vs United Arab Emirates,4,4,0,0
India vs United States of America,1,0,1,0
India vs West Indies,83,33,43,7
India vs Zimbabwe,21,9,12,0
Indonesia vs Japan,9,5,4,0
Indonesia vs Malaysia,1,0,1,0
Indonesia vs Maldives,1,0,1,0
Indonesia vs Mongolia,6,4,2,0
Indonesia vs Myanmar,6,2,4,0
Indonesia vs Papua New Guinea,2,1,1,0
Indonesia vs Philippines,8,4,3,1
Indonesia vs Qatar,1,0,1,0
Indonesia vs Samoa,1,0,1,0
Indonesia vs Saudi Arabia,1,1,0,0
Indonesia vs Singapore,3,2,1,0
Indonesia vs South Korea,4,2,2,0
Indonesia vs Thailand,8,4,4,0
Indonesia vs United Arab Emirates,1,1,0,0
Indonesia vs Vanuatu,1,1,0,0
Iran vs Kuwait,1,0,1,0
Ireland vs Italy,1,1,0,0
Ireland vs Jersey,2,1,1,0
Ireland vs Namibia,2,1,1,0
Ireland vs Nepal,4,2,2,0
Ireland vs Netherlands,28,12,15,1
Ireland vs New Zealand,13,5,8,0
Ireland vs Nigeria,1,1,0,0
Ireland vs Oman,7,3,4,0
Ireland vs Pakistan,17,5,12,0
Ireland vs Papua New Guinea,6,3,3,0
Ireland vs Scotland,31,15,15,1
Ireland vs South Africa,26,17,8,1
Ireland vs Sri Lanka,13,7,6,0
Ireland vs Thailand,5,0,5,0
Ireland vs Uganda,1,0,1,0
Ireland vs United Arab Emirates,20,10,10,0
Ireland vs United States of America,4,2,2,0
Ireland vs Vanuatu,1,0,1,0
Ireland vs West Indies,24,8,14,2
Ireland vs Zimbabwe,53,26,21,6
Isle of Man vs Italy,2,0,2,0
Isle of Man vs Luxembourg,1,1,0,0
Isle of Man vs Malta,2,0,2,0
Isle of Man vs Portugal,1,1,0,0
Isle of Man vs Romania,2,0,2,0
Isle of Man vs Serbia,1,1,0,0
Isle of Man vs Spain,5,0,4,1
Isle of Man vs Turkey,2,2,0,0
Israel vs Luxembourg,1,0,1,0
Israel vs Malta,1,1,0,0
Israel vs Portugal,1,0,1,0
Israel vs Romania,1,1,0,0
Israel vs Spain,1,0,1,0
Italy vs Jersey,6,3,3,0
Italy vs Luxembourg,1,1,0,0
Italy vs Netherlands,4,1,3,0
Italy vs Romania,1,1,0,0
Italy vs Scotland,2,2,0,0
Italy vs Spain,2,1,1,0
Italy vs Sweden,1,1,0,0
Italy vs Turkey,2,1,1,0
Ivory Coast vs Nigeria,1,1,0,0
Ivory Coast vs Sierra Leone,1,1,0,0
Ivory Coast vs St Helena,1,0,1,0
Japan vs Malaysia,1,1,0,0
Japan vs Maldives,1,1,0,0
Japan vs Mongolia,7,5,1,1
Japan vs Nepal,2,2,0,0
Japan vs Oman,1,1,0,0
Japan vs Papua New Guinea,3,0,3,0
Japan vs Philippines,5,4,1,0
Japan vs Samoa,1,1,0,0
Japan vs Saudi Arabia,1,0,1,0
Japan vs Singapore,7,4,3,0
Japan vs South Korea,4,2,2,0
Japan vs Tanzania,1,1,0,0
Japan vs Thailand,1,1,0,0
Japan vs United Arab Emirates,1,0,1,0
Japan vs Vanuatu,5,3,2,0
Jersey vs Namibia,1,0,1,0
Jersey vs Netherlands,3,2,0,1
Jersey vs Nigeria,1,1,0,0
Jersey vs Norway,2,1,1,0
Jersey vs Oman,1,1,0,0
Jersey vs Papua New Guinea,1,1,0,0
Jersey vs Scotland,1,1,0,0
Jersey vs Serbia,1,1,0,0
Jersey vs Singapore,1,0,1,0
Jersey vs Spain,2,0,2,0
Jersey vs Sweden,1,1,0,0
Jersey vs Switzerland,1,1,0,0
Jersey vs Turkey,1,0,1,0
Jersey vs Uganda,1,1,0,0
Jersey vs United Arab Emirates,2,1,1,0
Jersey vs United States of America,2,1,1,0
Jersey vs Zimbabwe,1,1,0,0
Kenya vs Lesotho,2,2,0,0
Kenya vs Malawi,4,1,2,1
Kenya vs Malaysia,1,0,1,0
Kenya vs Mali,1,0,1,0
Kenya vs Mozambique,1,1,0,0
Kenya vs Namibia,3,0,3,0
Kenya vs Nepal,4,2,2,0
Kenya vs Netherlands,1,0,1,0
Kenya vs Nigeria,12,6,6,0
Kenya vs Papua New Guinea,1,0,1,0
Kenya vs Qatar,1,0,1,0
Kenya vs Rwanda,22,12,10,0
Kenya vs Scotland,2,1,1,0
Kenya vs Seychelles,3,1,2,0
Kenya vs Singapore,1,1,0,0
Kenya vs Sri Lanka,1,0,1,0
Kenya vs St Helena,1,0,0,1
Kenya vs Tanzania,7,3,4,0
Kenya vs Uganda,18,9,9,0
Kenya vs Zimbabwe,4,4,0,0
Kuwait vs Malaysia,11,3,8,0
Kuwait vs Maldives,4,1,3,0
Kuwait vs Mongolia,1,1,0,0
Kuwait vs Myanmar,7,5,2,0
Kuwait vs Nepal,6,2,4,0
Kuwait vs Oman,4,3,1,0
Kuwait vs Qatar,7,2,5,0
Kuwait vs Saudi Arabia,5,0,5,0
Kuwait vs Singapore,6,0,6,0
Kuwait vs Tanzania,1,0,1,0
Kuwait vs Thailand,3,2,0,1
Kuwait vs United Arab Emirates,9,3,6,0
Kuwait vs Vanuatu,2,0,2,0
Lesotho vs Malawi,3,2,1,0
Lesotho vs Mali,2,2,0,0
Lesotho vs Mozambique,3,3,0,0
Lesotho vs Namibia,1,1,0,0
Lesotho vs Rwanda,3,1,1,1
Lesotho vs Seychelles,1,0,1,0
Lesotho vs Sierra Leone,1,1,0,0
Lesotho vs St Helena,1,1,0,0
Lesotho vs Uganda,1,0,1,0
Luxembourg vs Malta,3,1,2,0
Luxembourg vs Norway,1,1,0,0
Luxembourg vs Romania,3,1,2,0
Luxembourg vs Slovenia,1,1,0,0
Luxembourg vs Switzerland,2,1,1,0
Luxembourg vs Turkey,1,1,0,0
Malawi vs Mali,1,0,1,0
Malawi vs Namibia,1,0,1,0
Malawi vs Nigeria,1,1,0,0
Malawi vs Rwanda,6,2,4,0
Malawi vs Seychelles,2,1,0,1
Malawi vs Sierra Leone,1,1,0,0
Malawi vs St Helena,1,0,1,0
Malawi vs Swaziland,1,0,1,0
Malawi vs Tanzania,2,2,0,0
Malawi vs Uganda,2,1,1,0
Malaysia vs Maldives,3,1,1,1
Malaysia vs Mongolia,1,0,1,0
Malaysia vs Myanmar,2,1,1,0
Malaysia vs Namibia,2,0,2,0
Malaysia vs Nepal,18,4,14,0
Malaysia vs Netherlands,2,1,0,1
Malaysia vs Oman,2,2,0,0
Malaysia vs Pakistan,2,1,1,0
Malaysia vs Papua New Guinea,6,3,3,0
Malaysia vs Qatar,6,1,4,1
Malaysia vs Saudi Arabia,1,1,0,0
Malaysia vs Scotland,1,1,0,0
Malaysia vs Singapore,16,9,7,0
Malaysia vs Sri Lanka,4,4,0,0
Malaysia vs Tanzania,1,0,1,0
Malaysia vs Thailand,10,5,5,0
Malaysia vs United Arab Emirates,8,3,5,0
Malaysia vs Vanuatu,6,3,3,0
Maldives vs Mongolia,1,1,0,0
Maldives vs Myanmar,1,0,1,0
Maldives vs Nepal,5,5,0,0
Maldives vs Oman,1,1,0,0
Maldives vs Qatar,3,2,1,0
Maldives vs Saudi Arabia,3,1,2,0
Maldives vs Singapore,2,2,0,0
Maldives vs Thailand,6,3,3,0
Mali vs Rwanda,2,1,1,0
Mali vs Seychelles,1,0,0,1
Mali vs Tanzania,1,0,1,0
Malta vs Portugal,4,3,1,0
Malta vs Romania,10,5,5,0
Malta vs Switzerland,4,2,2,0
Mexico vs Panama,1,1,0,0
Mexico vs Suriname,1,0,1,0
Mongolia vs Myanmar,3,2,1,0
Mongolia vs Nepal,1,1,0,0
Mongolia vs Singapore,1,0,1,0
Mozambique vs Namibia,1,0,1,0
Mozambique vs Nigeria,2,0,2,0
Mozambique vs Rwanda,5,0,5,0
Mozambique vs Seychelles,1,1,0,0
Mozambique vs Sierra Leone,2,0,2,0
Mozambique vs Tanzania,3,2,1,0
Mozambique vs Uganda,1,1,0,0
Mozambique vs Zimbabwe,2,1,1,0
Myanmar vs Singapore,8,1,7,0
Myanmar vs Thailand,2,1,1,0
Namibia vs Nepal,10,5,4,1
Namibia vs Netherlands,12,4,7,1
Namibia vs New Zealand,1,1,0,0
Namibia vs Nigeria,7,4,3,0
Namibia vs Oman,17,8,8,1
Namibia vs Pakistan,1,1,0,0
Namibia vs Papua New Guinea,9,5,4,0
Namibia vs Rwanda,3,3,0,0
Namibia vs Scotland,12,5,7,0
Namibia vs Sierra Leone,3,1,2,0
Namibia vs Singapore,1,1,0,0
Namibia vs South Africa,1,1,0,0
Namibia vs Sri Lanka,2,1,1,0
Namibia vs Tanzania,3,1,2,0
Namibia vs Thailand,3,1,2,0
Namibia vs Uganda,17,9,8,0
Namibia vs United Arab Emirates,23,8,15,0
Namibia vs United States of America,13,8,5,0
Namibia vs Zimbabwe,23,9,14,0
Nepal vs Netherlands,17,7,9,1
Nepal vs Oman,16,7,8,1
Nepal vs Pakistan,2,1,1,0
Nepal vs Papua New Guinea,15,8,7,0
Nepal vs Philippines,1,1,0,0
Nepal vs Qatar,6,4,2,0
Nepal vs Saudi Arabia,1,0,1,0
Nepal vs Scotland,8,0,7,1
Nepal vs Singapore,3,1,2,0
Nepal vs South Africa,1,1,0,0
Nepal vs Tanzania,1,1,0,0
Nepal vs Thailand,6,3,3,0
Nepal vs Uganda,5,3,2,0
Nepal vs United Arab Emirates,29,13,15,1
Nepal vs United States of America,10,5,3,2
Nepal vs West Indies,1,1,0,0
Nepal vs Zimbabwe,3,0,3,0
Netherlands vs New Zealand,6,4,2,0
Netherlands vs Oman,9,6,3,0
Netherlands vs Pakistan,5,3,2,0
Netherlands vs Papua New Guinea,7,3,3,1
Netherlands vs Scotland,26,13,12,1
Netherlands vs Singapore,1,1,0,0
Netherlands vs South Africa,6,3,2,1
Netherlands vs Sri Lanka,6,4,2,0
Netherlands vs Thailand,16,7,9,0
Netherlands vs Uganda,2,1,1,0
Netherlands vs United Arab Emirates,11,3,7,1
Netherlands vs United States of America,6,4,2,0
Netherlands vs Vanuatu,1,1,0,0
Netherlands vs West Indies,4,1,2,1
Netherlands vs Zimbabwe,11,6,4,1
New Zealand vs Pakistan,87,49,32,6
New Zealand vs Papua New Guinea,1,0,1,0
New Zealand vs Scotland,5,4,1,0
New Zealand vs South Africa,50,23,23,4
New Zealand vs Sri Lanka,67,41,20,6
New Zealand vs Uganda,1,0,1,0
New Zealand vs United Arab Emirates,3,2,1,0
New Zealand vs West Indies,41,23,15,3
New Zealand vs Zimbabwe,6,1,5,0
Nigeria vs Oman,1,0,1,0
Nigeria vs Rwanda,14,7,6,1
Nigeria vs Sierra Leone,11,6,5,0
Nigeria vs St Helena,1,1,0,0
Nigeria vs Tanzania,7,2,3,2
Nigeria vs Uganda,14,6,8,0
Nigeria vs United Arab Emirates,1,1,0,0
Nigeria vs Zimbabwe,4,1,3,0
Norway vs Slovenia,1,0,1,0
Norway vs Spain,3,3,0,0
Norway vs Sweden,2,1,1,0
Norway vs Switzerland,1,1,0,0
Oman vs Papua New Guinea,10,4,6,0
Oman vs Philippines,1,0,1,0
Oman vs Qatar,3,2,1,0
Oman vs Saudi Arabia,4,1,3,0
Oman vs Scotland,14,4,8,2
Oman vs Singapore,2,1,1,0
Oman vs Sri Lanka,1,0,1,0
Oman vs United Arab Emirates,21,9,10,2
Oman vs United States of America,10,5,5,0
Oman vs West Indies,1,0,1,0
Oman vs Zimbabwe,1,1,0,0
Pakistan vs Scotland,3,3,0,0
Pakistan vs South Africa,67,36,30,1
Pakistan vs Sri Lanka,59,26,32,1
Pakistan vs Thailand,3,0,2,1
Pakistan vs United Arab Emirates,4,3,1,0
Pakistan vs United States of America,1,0,0,1
Pakistan vs West Indies,68,35,29,4
Pakistan vs Zimbabwe,37,20,15,2
Panama vs Suriname,1,1,0,0
Papua New Guinea vs Philippines,3,2,0,1
Papua New Guinea vs Samoa,2,1,1,0
Papua New Guinea vs Scotland,16,8,8,0
Papua New Guinea vs Singapore,3,2,1,0
Papua New Guinea vs Thailand,1,0,1,0
Papua New Guinea vs Uganda,2,0,2,0
Papua New Guinea vs United Arab Emirates,15,9,6,0
Papua New Guinea vs United States of America,14,9,4,1
Papua New Guinea vs Vanuatu,6,3,3,0
Papua New Guinea vs West Indies,2,0,2,0
Papua New Guinea vs Zimbabwe,7,3,3,1
Philippines vs Singapore,3,1,2,0
Philippines vs South Korea,2,2,0,0
Philippines vs Vanuatu,4,1,3,0
Portugal vs Romania,1,0,1,0
Portugal vs Spain,3,2,1,0
Qatar vs Saudi Arabia,4,2,2,0
Qatar vs Singapore,5,1,4,0
Qatar vs Tanzania,2,2,0,0
Qatar vs Thailand,1,0,1,0
Qatar vs United Arab Emirates,7,5,2,0
Romania vs Serbia,3,2,1,0
Romania vs Sweden,1,0,1,0
Romania vs Switzerland,1,0,1,0
Romania vs Turkey,1,1,0,0
Rwanda vs Seychelles,2,2,0,0
Rwanda vs Sierra Leone,3,2,1,0
Rwanda vs St Helena,1,1,0,0
Rwanda vs Swaziland,1,0,1,0
Rwanda vs Tanzania,13,9,4,0
Rwanda vs Uganda,23,13,10,0
Rwanda vs Zimbabwe,4,4,0,0
Samoa vs Vanuatu,6,2,4,0
Saudi Arabia vs Thailand,3,0,3,0
Saudi Arabia vs United Arab Emirates,4,2,2,0
Scotland vs Singapore,1,0,1,0
Scotland vs South Africa,1,1,0,0
Scotland vs Sri Lanka,6,3,3,0
Scotland vs Thailand,5,2,3,0
Scotland vs Uganda,2,1,1,0
Scotland vs United Arab Emirates,20,14,6,0
Scotland vs United States of America,12,8,4,0
Scotland vs West Indies,4,2,2,0
Scotland vs Zimbabwe,9,4,4,1
Serbia vs Switzerland,1,1,0,0
Serbia vs Turkey,2,1,1,0
Seychelles vs Swaziland,1,0,1,0
Seychelles vs Uganda,1,1,0,0
Seychelles vs Zimbabwe,1,1,0,0
Sierra Leone vs St Helena,1,0,1,0
Sierra Leone vs Tanzania,2,0,2,0
Sierra Leone vs Uganda,2,0,2,0
Singapore vs Thailand,3,1,2,0
Singapore vs United Arab Emirates,2,1,1,0
Singapore vs United States of America,1,1,0,0
Singapore vs Zimbabwe,3,2,1,0
Slovenia vs Sweden,1,0,1,0
South Africa vs Sri Lanka,63,40,21,2
South Africa vs Tanzania,1,0,1,0
South Africa vs Thailand,1,1,0,0
South Africa vs Uganda,1,1,0,0
South Africa vs United Arab Emirates,1,1,0,0
South Africa vs United States of America,1,1,0,0
South Africa vs West Indies,67,33,27,7
South Africa vs Zimbabwe,9,4,3,2
Spain vs Sweden,1,1,0,0
Sri Lanka vs Thailand,5,2,3,0
Sri Lanka vs Uganda,1,1,0,0
Sri Lanka vs United Arab Emirates,5,5,0,0
Sri Lanka vs United States of America,1,1,0,0
Sri Lanka vs West Indies,49,24,22,3
Sri Lanka vs Zimbabwe,25,5,17,3
Swaziland vs Uganda,1,0,1,0
Sweden vs Turkey,1,0,1,0
Tanzania vs Uganda,19,9,9,1
Tanzania vs Vanuatu,1,1,0,0
Tanzania vs Zimbabwe,5,1,4,0
Thailand vs Uganda,2,1,1,0
Thailand vs United Arab Emirates,7,5,2,0
Thailand vs United States of America,1,0,1,0
Thailand vs West Indies,1,0,1,0
Thailand vs Zimbabwe,11,6,5,0
Uganda vs United Arab Emirates,1,1,0,0
Uganda vs United States of America,1,0,1,0
Uganda vs West Indies,1,1,0,0
Uganda vs Zimbabwe,7,4,3,0
United Arab Emirates vs United States of America,15,6,8,1
United Arab Emirates vs Vanuatu,1,1,0,0
United Arab Emirates vs West Indies,5,2,3,0
United Arab Emirates vs Zimbabwe,11,5,6,0
United States of America vs West Indies,2,1,1,0
United States of America vs Zimbabwe,7,3,4,0
Vanuatu vs Zimbabwe,1,0,1,0
West Indies vs Zimbabwe,10,5,2,3
