Venue,Total Matches,Toss Win %,Bat First Win %,Bowl First Win %,Venue Type
"Gaddafi Stadium, Lahore",24,62.5,66.66666666666666,58.333333333333336,Batting-Friendly
Dubai International Cricket Stadium,120,57.49999999999999,58.18181818181818,56.92307692307692,Batting-Friendly
"McLean Park, Napier",5,40.0,0.0,66.66666666666666,Bowling-Friendly
Singapore National Cricket Ground,17,29.411764705882355,28.57142857142857,33.33333333333333,Bowling-Friendly
"National Stadium, Karachi",38,34.21052631578947,31.818181818181817,37.5,Bowling-Friendly
Harare Sports Club,127,48.818897637795274,48.57142857142857,48.91304347826087,Bowling-Friendly
Udayana Cricket Ground,42,35.714285714285715,27.77777777777778,41.66666666666667,Bowling-Friendly
Rawalpindi Cricket Stadium,22,59.09090909090909,27.27272727272727,90.9090909090909,Bowling-Friendly
Al Amerat Cricket Ground Oman Cricket (Ministry Turf 1),127,51.181102362204726,40.476190476190474,56.470588235294116,Bowling-Friendly
"R Premadasa Stadium, Colombo",34,44.11764705882353,39.130434782608695,54.54545454545454,Bowling-Friendly
"Narendra Modi Stadium, Ahmedabad",13,61.53846153846154,66.66666666666666,57.14285714285714,Batting-Friendly
"Barabati Stadium, Cuttack",2,50.0,0.0,100.0,Bowling-Friendly
"Tribhuvan University International Cricket Ground, Kirtipur",72,41.66666666666667,36.666666666666664,45.23809523809524,Bowling-Friendly
Galle International Stadium,31,58.06451612903226,55.172413793103445,100.0,Bowling-Friendly
"Queens Sports Club, Bulawayo",35,42.857142857142854,52.63157894736842,31.25,Batting-Friendly
"Vidarbha Cricket Association Stadium, Jamtha, Nagpur",3,33.33333333333333,0.0,100.0,Bowling-Friendly
Marsa Sports Club,58,48.275862068965516,40.0,60.86956521739131,Bowling-Friendly
"Wankhede Stadium, Mumbai",16,50.0,66.66666666666666,28.57142857142857,Batting-Friendly
"Maharashtra Cricket Association Stadium, Pune",7,42.857142857142854,66.66666666666666,25.0,Batting-Friendly
"Warner Park, Basseterre, St Kitts",11,54.54545454545454,0.0,75.0,Bowling-Friendly
Melbourne Cricket Ground,39,58.97435897435898,53.333333333333336,62.5,Bowling-Friendly
"Saurashtra Cricket Association Stadium, Rajkot",8,62.5,83.33333333333334,0.0,Batting-Friendly
Multan Cricket Stadium,12,66.66666666666666,77.77777777777779,33.33333333333333,Batting-Friendly
Adelaide Oval,35,42.857142857142854,47.05882352941176,38.88888888888889,Batting-Friendly
"MA Chidambaram Stadium, Chepauk, Chennai",10,50.0,50.0,50.0,Neutral
"Manuka Oval, Canberra",9,33.33333333333333,0.0,37.5,Bowling-Friendly
"Eden Gardens, Kolkata",11,54.54545454545454,57.14285714285714,50.0,Batting-Friendly
Sydney Cricket Ground,46,43.47826086956522,53.125,21.428571428571427,Batting-Friendly
"Bellerive Oval, Hobart",15,20.0,22.22222222222222,16.666666666666664,Batting-Friendly
"Junction Oval, Melbourne",5,40.0,0.0,50.0,Bowling-Friendly
"North Sydney Oval, Sydney",8,50.0,33.33333333333333,60.0,Bowling-Friendly
"Eden Park, Auckland",9,44.44444444444444,100.0,37.5,Batting-Friendly
"Seddon Park, Hamilton",18,27.77777777777778,50.0,10.0,Batting-Friendly
"Basin Reserve, Wellington",19,36.84210526315789,40.0,35.714285714285715,Batting-Friendly
"Newlands, Cape Town",17,35.294117647058826,46.15384615384615,0.0,Batting-Friendly
"Saxton Oval, Nelson",4,50.0,100.0,33.33333333333333,Batting-Friendly
"Bay Oval, Mount Maunganui",18,33.33333333333333,50.0,31.25,Batting-Friendly
"Kotambi Stadium, Vadodara",3,33.33333333333333,50.0,0.0,Batting-Friendly
Gelephu International Cricket Ground,13,46.15384615384615,37.5,60.0,Bowling-Friendly
"SuperSport Park, Centurion",17,58.82352941176471,50.0,61.53846153846154,Bowling-Friendly
"The Wanderers Stadium, Johannesburg",16,18.75,33.33333333333333,0.0,Batting-Friendly
"ICC Academy, Dubai",39,51.28205128205128,62.5,43.47826086956522,Batting-Friendly
"Arnos Vale Ground, Kingstown, St Vincent",6,16.666666666666664,100.0,0.0,Batting-Friendly
"Dr DY Patil Sports Academy, Navi Mumbai",3,33.33333333333333,0.0,33.33333333333333,Bowling-Friendly
"Boland Park, Paarl",10,40.0,50.0,0.0,Batting-Friendly
"St Albans Club, Buenos Aires",13,46.15384615384615,50.0,0.0,Batting-Friendly
"St George's College Ground, Buenos Aires",9,44.44444444444444,75.0,20.0,Batting-Friendly
Europa Sports Complex,22,54.54545454545454,50.0,60.0,Bowling-Friendly
"Mangaung Oval, Bloemfontein",5,80.0,100.0,66.66666666666666,Batting-Friendly
"Belgrano Athletic Club Ground, Buenos Aires",10,40.0,50.0,0.0,Batting-Friendly
"Hurlingham Club Ground, Buenos Aires",15,53.333333333333336,66.66666666666666,33.33333333333333,Batting-Friendly
"Brisbane Cricket Ground, Woolloongabba, Brisbane",9,44.44444444444444,75.0,20.0,Batting-Friendly
"Gahanga International Cricket Stadium, Rwanda",61,36.0655737704918,48.57142857142857,19.230769230769234,Batting-Friendly
"Selangor Turf Club, Kuala Lumpur",21,61.904761904761905,40.0,68.75,Bowling-Friendly
"Western Australia Cricket Association Ground, Perth",2,50.0,0.0,50.0,Bowling-Friendly
"Senwes Park, Potchefstroom",6,83.33333333333334,0.0,100.0,Bowling-Friendly
"Kingsmead, Durban",9,44.44444444444444,50.0,42.857142857142854,Batting-Friendly
Sylhet Stadium,3,100.0,100.0,100.0,Neutral
"Allan Border Field, Brisbane",7,42.857142857142854,25.0,66.66666666666666,Bowling-Friendly
"Mission Road Ground, Mong Kok, Hong Kong",29,44.827586206896555,58.333333333333336,35.294117647058826,Batting-Friendly
"West End Park International Cricket Stadium, Doha",45,53.333333333333336,50.0,55.172413793103445,Bowling-Friendly
"St George's Park, Gqeberha",9,77.77777777777779,66.66666666666666,83.33333333333334,Bowling-Friendly
"Diamond Oval, Kimberley",5,40.0,0.0,50.0,Bowling-Friendly
"Shere Bangla National Stadium, Mirpur",71,43.66197183098591,44.0,42.857142857142854,Batting-Friendly
"Sabina Park, Kingston, Jamaica",12,50.0,60.0,42.857142857142854,Batting-Friendly
"Hagley Oval, Christchurch",24,50.0,37.5,56.25,Bowling-Friendly
University of Doha for Science and Technology,12,41.66666666666667,40.0,42.857142857142854,Bowling-Friendly
"Nigeria Cricket Federation Oval 1, Abuja",4,25.0,0.0,100.0,Bowling-Friendly
"Nigeria Cricket Federation Oval 2, Abuja",5,60.0,66.66666666666666,50.0,Batting-Friendly
"Willowmoore Park, Benoni",19,57.89473684210527,66.66666666666666,53.84615384615385,Batting-Friendly
University of Lagos Cricket Oval,8,62.5,66.66666666666666,50.0,Batting-Friendly
"Tafawa Balewa Square Cricket Oval, Lagos",22,59.09090909090909,64.28571428571429,50.0,Batting-Friendly
"Buffalo Park, East London",13,46.15384615384615,50.0,42.857142857142854,Batting-Friendly
Perth Stadium,15,73.33333333333333,77.77777777777779,66.66666666666666,Batting-Friendly
"Sir Vivian Richards Stadium, North Sound, Antigua",42,47.61904761904761,29.411764705882355,60.0,Bowling-Friendly
Pallekele International Cricket Stadium,43,48.837209302325576,39.130434782608695,60.0,Bowling-Friendly
Las Caballerizas,1,0.0,0.0,0.0,Neutral
"Daren Sammy National Cricket Stadium, Gros Islet, St Lucia",22,40.909090909090914,37.5,42.857142857142854,Bowling-Friendly
"Reforma Athletic Club, Naucalpan",5,60.0,0.0,75.0,Bowling-Friendly
Rangiri Dambulla International Stadium,37,43.24324324324324,36.0,58.333333333333336,Bowling-Friendly
"Kensington Oval, Bridgetown, Barbados",32,56.25,50.0,60.0,Bowling-Friendly
Zhejiang University of Technology Cricket Field,20,65.0,55.55555555555556,72.72727272727273,Bowling-Friendly
"Grand Prairie Stadium, Dallas",12,41.66666666666667,0.0,50.0,Bowling-Friendly
"Gahanga B Ground, Rwanda",17,35.294117647058826,50.0,0.0,Batting-Friendly
Jinja Cricket Ground,2,0.0,0.0,0.0,Neutral
"Zahur Ahmed Chowdhury Stadium, Chattogram",20,45.0,44.44444444444444,45.45454545454545,Bowling-Friendly
"Marina Ground, Corfu",5,40.0,0.0,66.66666666666666,Bowling-Friendly
"Gymkhana Club Ground, Nairobi",33,51.515151515151516,48.148148148148145,66.66666666666666,Bowling-Friendly
"Ruaraka Sports Club Ground, Nairobi",6,50.0,60.0,0.0,Batting-Friendly
Sharjah Cricket Stadium,55,41.81818181818181,39.02439024390244,50.0,Bowling-Friendly
"Sikh Union Club Ground, Nairobi",16,56.25,53.84615384615385,66.66666666666666,Bowling-Friendly
"M Chinnaswamy Stadium, Bengaluru",11,45.45454545454545,50.0,40.0,Batting-Friendly
"TCA Oval, Blantyre",3,66.66666666666666,0.0,100.0,Bowling-Friendly
"Yeonhui Cricket Ground, Incheon",18,50.0,69.23076923076923,0.0,Batting-Friendly
Lisicji Jarak Cricket Ground,8,62.5,50.0,66.66666666666666,Bowling-Friendly
Sao Fernando Polo and Cricket Club,2,50.0,0.0,50.0,Bowling-Friendly
"Rajiv Gandhi International Stadium, Uppal, Hyderabad",7,57.14285714285714,75.0,33.33333333333333,Batting-Friendly
"Arun Jaitley Stadium, Delhi",7,57.14285714285714,50.0,60.0,Bowling-Friendly
"Zayed Cricket Stadium, Abu Dhabi",30,56.666666666666664,50.0,61.111111111111114,Bowling-Friendly
"Shrimant Madhavrao Scindia Cricket Stadium, Gwalior",1,100.0,0.0,100.0,Bowling-Friendly
Sano International Cricket Ground,19,47.368421052631575,53.333333333333336,25.0,Batting-Friendly
"Wanderers Cricket Ground, Windhoek",47,55.319148936170215,58.82352941176471,53.333333333333336,Batting-Friendly
"Maple Leaf North-West Ground, King City",11,45.45454545454545,0.0,50.0,Bowling-Friendly
"County Ground, Bristol",13,46.15384615384615,50.0,44.44444444444444,Batting-Friendly
"Green Park, Kanpur",2,50.0,0.0,100.0,Bowling-Friendly
"Lord's, London",15,33.33333333333333,33.33333333333333,33.33333333333333,Neutral
"Gymkhana Club Ground, Dar-es-Salaam",7,14.285714285714285,20.0,0.0,Batting-Friendly
University of Dar-es-Salaam Ground,7,57.14285714285714,33.33333333333333,75.0,Bowling-Friendly
"Riverside Ground, Chester-le-Street",7,85.71428571428571,50.0,100.0,Bowling-Friendly
"United Cricket Club Ground, Windhoek",41,43.90243902439025,28.57142857142857,51.85185185185185,Bowling-Friendly
"Great Barrier Reef Arena, Mackay",2,50.0,50.0,0.0,Batting-Friendly
"Headingley, Leeds",7,28.57142857142857,25.0,33.33333333333333,Bowling-Friendly
"Trent Bridge, Nottingham",9,33.33333333333333,40.0,25.0,Batting-Friendly
Koge Cricket Club 2,2,100.0,100.0,0.0,Batting-Friendly
"Castle Avenue, Dublin",12,58.333333333333336,33.33333333333333,66.66666666666666,Bowling-Friendly
Koge Cricket Club,3,66.66666666666666,100.0,50.0,Batting-Friendly
"Sophia Gardens, Cardiff",6,50.0,0.0,75.0,Bowling-Friendly
"The Rose Bowl, Southampton",8,25.0,100.0,14.285714285714285,Batting-Friendly
"Civil Service Cricket Club, Stormont, Belfast",19,52.63157894736842,60.0,44.44444444444444,Batting-Friendly
"Bayuemas Oval, Kuala Lumpur",67,56.71641791044776,58.333333333333336,55.81395348837209,Batting-Friendly
"YSD-UKM Cricket Oval, Bangi",23,60.86956521739131,60.0,61.53846153846154,Bowling-Friendly
"Grange Cricket Club Ground, Raeburn Place, Edinburgh",22,40.909090909090914,42.857142857142854,40.0,Batting-Friendly
"Kennington Oval, London",11,45.45454545454545,0.0,50.0,Bowling-Friendly
"King George V Sports Ground, Castel",13,76.92307692307693,80.0,75.0,Batting-Friendly
"Sportpark Westvliet, The Hague",13,23.076923076923077,42.857142857142854,0.0,Batting-Friendly
"Guernsey Rovers Athletic Club Ground, Port Soif",13,30.76923076923077,16.666666666666664,42.857142857142854,Bowling-Friendly
"Brian Lara Stadium, Tarouba, Trinidad",11,54.54545454545454,100.0,50.0,Batting-Friendly
"Sportpark Maarschalkerweerd, Utrecht",22,54.54545454545454,50.0,57.14285714285714,Bowling-Friendly
"Faleata Oval No 2, Apia",12,41.66666666666667,40.0,42.857142857142854,Bowling-Friendly
"Old Trafford, Manchester",7,28.57142857142857,25.0,33.33333333333333,Bowling-Friendly
"Hazelaarweg, Rotterdam",8,37.5,60.0,0.0,Batting-Friendly
"VRA Ground, Amstelveen",20,45.0,42.857142857142854,46.15384615384615,Bowling-Friendly
"Providence Stadium, Guyana",19,47.368421052631575,37.5,54.54545454545454,Bowling-Friendly
"Pembroke Cricket Club, Sandymount, Dublin",5,60.0,50.0,66.66666666666666,Bowling-Friendly
"Ekeberg Cricket Ground 1, Oslo",3,66.66666666666666,100.0,50.0,Batting-Friendly
"Ekeberg Cricket Ground 2, Oslo",1,100.0,0.0,100.0,Bowling-Friendly
"Queen's Park Oval, Port of Spain, Trinidad",5,20.0,33.33333333333333,0.0,Batting-Friendly
"Mladost Cricket Ground, Zagreb",5,60.0,0.0,60.0,Bowling-Friendly
Bayer Uerdingen Cricket Ground,45,60.0,68.42105263157895,53.84615384615385,Batting-Friendly
"Forthill, Dundee",6,50.0,0.0,50.0,Bowling-Friendly
"Edgbaston, Birmingham",26,42.30769230769231,38.46153846153847,46.15384615384615,Bowling-Friendly
"Grainville, St Saviour",2,0.0,0.0,0.0,Neutral
"St Lawrence Ground, Canterbury",3,33.33333333333333,0.0,33.33333333333333,Bowling-Friendly
"County Ground, Hove",6,33.33333333333333,0.0,40.0,Bowling-Friendly
"County Ground, New Road, Worcester",4,75.0,0.0,75.0,Bowling-Friendly
"Mahinda Rajapaksa International Cricket Stadium, Sooriyawewa, Hambantota",6,66.66666666666666,0.0,80.0,Bowling-Friendly
Happy Valley Ground,16,43.75,33.33333333333333,57.14285714285714,Bowling-Friendly
"Central Broward Regional Park Stadium Turf Ground, Lauderhill",7,42.857142857142854,50.0,33.33333333333333,Batting-Friendly
"Scott Page Field, Vinor",19,42.10526315789473,33.33333333333333,50.0,Bowling-Friendly
"Svanholm Park, Brondby",11,63.63636363636363,50.0,71.42857142857143,Bowling-Friendly
Kerava National Cricket Ground,31,54.83870967741935,46.666666666666664,62.5,Bowling-Friendly
"Simar Cricket Ground, Rome",12,25.0,20.0,28.57142857142857,Bowling-Friendly
Roma Cricket Ground,12,25.0,28.57142857142857,20.0,Batting-Friendly
"Nassau County International Cricket Stadium, New York",8,62.5,50.0,66.66666666666666,Bowling-Friendly
Gahanga International Cricket Stadium. Rwanda,77,51.94805194805194,43.47826086956522,64.51612903225806,Bowling-Friendly
"Sportpark Harga, Schiedam",3,66.66666666666666,66.66666666666666,0.0,Batting-Friendly
"County Ground, Chelmsford",8,50.0,50.0,50.0,Neutral
"Moara Vlasiei Cricket Ground, Ilfov County",25,52.0,44.44444444444444,56.25,Bowling-Friendly
"The Cooper Associates County Ground, Taunton",5,40.0,0.0,50.0,Bowling-Friendly
Prairie View Cricket Complex,7,42.857142857142854,0.0,50.0,Bowling-Friendly
"County Ground, Derby",5,60.0,50.0,66.66666666666666,Bowling-Friendly
"County Ground, Northampton",4,25.0,50.0,0.0,Batting-Friendly
Dreux Sport Cricket Club,7,42.857142857142854,42.857142857142854,0.0,Batting-Friendly
Sylhet International Cricket Stadium,34,44.11764705882353,64.70588235294117,23.52941176470588,Batting-Friendly
"Tolerance Oval, Abu Dhabi",20,45.0,46.15384615384615,42.857142857142854,Batting-Friendly
"Botswana Cricket Association Oval 1, Gaborone",33,48.484848484848484,52.17391304347826,40.0,Batting-Friendly
"Botswana Cricket Association Oval 2, Gaborone",16,43.75,54.54545454545454,20.0,Batting-Friendly
"7he Sevens Stadium, Dubai",1,0.0,0.0,0.0,Neutral
Al Amerat Cricket Ground Oman Cricket (Ministry Turf 2),39,56.41025641025641,68.42105263157895,45.0,Batting-Friendly
La Manga Club Top Ground,11,27.27272727272727,0.0,37.5,Bowling-Friendly
Los Reyes Polo Club,4,75.0,100.0,0.0,Batting-Friendly
"Achimota Senior Secondary School A Field, Accra",16,50.0,50.0,50.0,Neutral
"Achimota Senior Secondary School B Field, Accra",9,44.44444444444444,50.0,0.0,Batting-Friendly
"University Oval, Dunedin",10,40.0,66.66666666666666,28.57142857142857,Batting-Friendly
"Himachal Pradesh Cricket Association Stadium, Dharamsala",7,28.57142857142857,0.0,40.0,Bowling-Friendly
"JSCA International Stadium Complex, Ranchi",4,25.0,0.0,50.0,Bowling-Friendly
"Sky Stadium, Wellington",1,0.0,0.0,0.0,Neutral
"Terdthai Cricket Ground, Bangkok",32,53.125,44.44444444444444,64.28571428571429,Bowling-Friendly
"Royal Selangor Club, Kuala Lumpur",6,33.33333333333333,33.33333333333333,33.33333333333333,Neutral
Johor Cricket Academy Oval,2,50.0,0.0,50.0,Bowling-Friendly
"Dr. Y.S. Rajasekhara Reddy ACA-VDCA Cricket Stadium, Visakhapatnam",4,75.0,100.0,66.66666666666666,Batting-Friendly
"Dr DY Patil Sports Academy, Mumbai",6,83.33333333333334,100.0,80.0,Batting-Friendly
Entebbe Cricket Oval,23,60.86956521739131,63.63636363636363,58.333333333333336,Batting-Friendly
"National Cricket Stadium, St George's, Grenada",8,50.0,100.0,42.857142857142854,Batting-Friendly
"John Davies Oval, Queenstown",10,40.0,33.33333333333333,42.857142857142854,Bowling-Friendly
"Shaheed Veer Narayan Singh International Stadium, Raipur",2,50.0,0.0,50.0,Bowling-Friendly
"Barsapara Cricket Stadium, Guwahati",3,33.33333333333333,0.0,33.33333333333333,Bowling-Friendly
"Greenfield International Stadium, Thiruvananthapuram",3,66.66666666666666,100.0,50.0,Batting-Friendly
Hong Kong Cricket Club,8,50.0,50.0,50.0,Neutral
Mulpani Cricket Ground,14,57.14285714285714,50.0,60.0,Bowling-Friendly
"Bharat Ratna Shri Atal Bihari Vajpayee Ekana Cricket Stadium, Lucknow",7,0.0,0.0,0.0,Neutral
"Desert Springs Cricket Ground, Almeria",44,36.36363636363637,38.46153846153847,33.33333333333333,Batting-Friendly
St Georges Quilmes,3,33.33333333333333,0.0,100.0,Bowling-Friendly
San Albano,2,50.0,100.0,0.0,Batting-Friendly
"National Stadium, Hamilton",5,100.0,100.0,100.0,Neutral
"White Hill Field, Sandys Parish",12,33.33333333333333,33.33333333333333,33.33333333333333,Neutral
"City Oval, Pietermaritzburg",1,100.0,0.0,100.0,Bowling-Friendly
"Holkar Cricket Stadium, Indore",4,0.0,0.0,0.0,Neutral
"Punjab Cricket Association IS Bindra Stadium, Mohali, Chandigarh",3,100.0,100.0,100.0,Neutral
"Grace Road, Leicester",3,33.33333333333333,0.0,33.33333333333333,Bowling-Friendly
"Sedgars Park, Potchefstroom",1,0.0,0.0,0.0,Neutral
"Woodley Cricket Field, Los Angeles",12,25.0,66.66666666666666,11.11111111111111,Batting-Friendly
"UKM-YSD Cricket Oval, Bangi",40,45.0,28.57142857142857,53.84615384615385,Bowling-Friendly
Vanuatu Cricket Ground,10,50.0,50.0,50.0,Neutral
Vanuatu Cricket Ground (Oval 2),8,37.5,0.0,50.0,Bowling-Friendly
Turf City B Cricket Ground,1,100.0,0.0,100.0,Bowling-Friendly
"Indian Association Ground, Singapore",10,60.0,50.0,75.0,Bowling-Friendly
Tikkurila Cricket Ground,22,36.36363636363637,50.0,20.0,Batting-Friendly
"Malahide, Dublin",2,50.0,0.0,50.0,Bowling-Friendly
"Sportpark Het Schootsveld, Deventer",5,80.0,50.0,100.0,Bowling-Friendly
"GB Oval, Szodliget",2,50.0,50.0,0.0,Batting-Friendly
"Amini Park, Port Moresby",17,41.17647058823529,54.54545454545454,16.666666666666664,Batting-Friendly
"Goldenacre, Edinburgh",8,25.0,0.0,28.57142857142857,Bowling-Friendly
"Sinhalese Sports Club Ground, Colombo",5,60.0,50.0,100.0,Bowling-Friendly
"Windsor Park, Roseau, Dominica",3,33.33333333333333,50.0,0.0,Batting-Friendly
"P Sara Oval, Colombo",4,75.0,0.0,100.0,Bowling-Friendly
"Takashinga Sports Club, Highfield, Harare",12,83.33333333333334,100.0,77.77777777777779,Batting-Friendly
Bulawayo Athletic Club,15,46.666666666666664,0.0,58.333333333333336,Bowling-Friendly
"National Sports Academy, Sofia",16,50.0,22.22222222222222,85.71428571428571,Bowling-Friendly
"Grainville, St Saviour, Jersey",8,62.5,33.33333333333333,80.0,Bowling-Friendly
"FB Fields, St Clement",5,40.0,100.0,25.0,Batting-Friendly
"Solvangs Park, Glostrup",2,0.0,0.0,0.0,Neutral
Santarem Cricket Ground,3,33.33333333333333,33.33333333333333,0.0,Batting-Friendly
Tafawa Balewa Square (TBS) Cricket Oval,1,0.0,0.0,0.0,Neutral
La Manga Club Bottom Ground,15,53.333333333333336,0.0,80.0,Bowling-Friendly
Morodok Techo National Stadium,4,75.0,0.0,75.0,Bowling-Friendly
"Brabourne Stadium, Mumbai",3,0.0,0.0,0.0,Neutral
Integrated Polytechnic Regional Centre,40,60.0,61.904761904761905,57.89473684210527,Batting-Friendly
Royal Chiangmai Golf Club,8,25.0,25.0,25.0,Neutral
Kaizuka Cricket Ground,4,50.0,50.0,50.0,Neutral
"GMHBA Stadium, South Geelong, Victoria",6,33.33333333333333,50.0,0.0,Batting-Friendly
"Sylhet International Cricket Stadium, Academy Ground",9,55.55555555555556,60.0,50.0,Batting-Friendly
Carrara Oval,6,33.33333333333333,0.0,33.33333333333333,Bowling-Friendly
"Sheikh Zayed Stadium, Abu Dhabi",9,33.33333333333333,50.0,0.0,Batting-Friendly
"Independence Park, Port Vila",10,30.0,0.0,50.0,Bowling-Friendly
"Cazaly's Stadium, Cairns",3,33.33333333333333,0.0,33.33333333333333,Bowling-Friendly
"Riverway Stadium, Townsville",1,100.0,0.0,100.0,Bowling-Friendly
"Tony Ireland Stadium, Townsville",2,100.0,0.0,100.0,Bowling-Friendly
"Mannofield Park, Aberdeen",5,60.0,50.0,66.66666666666666,Bowling-Friendly
"Bready Cricket Club, Magheramason, Bready",8,37.5,50.0,25.0,Batting-Friendly
"Titwood, Glasgow",3,100.0,0.0,100.0,Bowling-Friendly
"Cambusdoon New Ground, Ayr",2,100.0,100.0,0.0,Batting-Friendly
"The Village, Malahide, Dublin",13,53.84615384615385,60.0,50.0,Batting-Friendly
"Royal Brussels Cricket Club Ground, Waterloo",10,20.0,16.666666666666664,25.0,Bowling-Friendly
"Sportpark Westvliet, Voorburg",3,66.66666666666666,0.0,66.66666666666666,Bowling-Friendly
"Meersen, Gent",5,40.0,33.33333333333333,50.0,Bowling-Friendly
"Kinrara Academy Oval, Kuala Lumpur",24,50.0,55.55555555555556,46.666666666666664,Batting-Friendly
"M Chinnaswamy Stadium, Bangalore",1,0.0,0.0,0.0,Neutral
"Moosa Cricket Stadium, Pearland",10,30.0,28.57142857142857,33.33333333333333,Bowling-Friendly
"Southend Club Cricket Stadium, Karachi",6,33.33333333333333,33.33333333333333,0.0,Batting-Friendly
"Choice Moosa Stadium, Pearland",2,100.0,100.0,0.0,Batting-Friendly
"College Field, St Peter Port",1,0.0,0.0,0.0,Neutral
"Malek Cricket Ground, Ajman",4,25.0,33.33333333333333,0.0,Batting-Friendly
"Centre for Cricket Development Ground, Windhoek",10,50.0,66.66666666666666,42.857142857142854,Batting-Friendly
"St George's Park, Port Elizabeth",2,100.0,100.0,0.0,Batting-Friendly
"ICC Academy Ground No 2, Dubai",5,40.0,0.0,50.0,Bowling-Friendly
"Sunrise Sports Club, Harare",1,0.0,0.0,0.0,Neutral
"Old Hararians, Harare",1,100.0,0.0,100.0,Bowling-Friendly
"Sawai Mansingh Stadium, Jaipur",1,100.0,0.0,100.0,Bowling-Friendly
"Coolidge Cricket Ground, Antigua",19,47.368421052631575,45.45454545454545,50.0,Bowling-Friendly
"Ray Mitchell Oval, Harrup Park, Mackay",3,66.66666666666666,0.0,100.0,Bowling-Friendly
Guttsta Wicked Cricket Club,1,100.0,0.0,100.0,Bowling-Friendly
Gucherre Cricket Ground,3,33.33333333333333,0.0,33.33333333333333,Bowling-Friendly
Sher-e-Bangla National Cricket Stadium,1,100.0,100.0,0.0,Batting-Friendly
The Wanderers Stadium,15,53.333333333333336,66.66666666666666,44.44444444444444,Batting-Friendly
Bay Oval,27,51.85185185185185,75.0,42.10526315789473,Batting-Friendly
Wanderers,1,0.0,0.0,0.0,Neutral
Eden Park,27,29.629629629629626,11.11111111111111,38.88888888888889,Bowling-Friendly
McLean Park,11,45.45454545454545,25.0,57.14285714285714,Bowling-Friendly
Sir Vivian Richards Stadium,6,50.0,0.0,60.0,Bowling-Friendly
Maharashtra Cricket Association Stadium,10,50.0,66.66666666666666,42.857142857142854,Batting-Friendly
Seddon Park,31,48.38709677419355,30.0,57.14285714285714,Bowling-Friendly
Basin Reserve,14,57.14285714285714,66.66666666666666,54.54545454545454,Batting-Friendly
Hagley Oval,24,45.83333333333333,33.33333333333333,50.0,Bowling-Friendly
Bharat Ratna Shri Atal Bihari Vajpayee Ekana Cricket Stadium,7,85.71428571428571,0.0,85.71428571428571,Bowling-Friendly
Narendra Modi Stadium,7,42.857142857142854,0.0,60.0,Bowling-Friendly
University Oval,12,41.66666666666667,40.0,42.857142857142854,Bowling-Friendly
Bharat Ratna Shri Atal Bihari Vajpai Ekana Cricket Stadium,2,100.0,0.0,100.0,Bowling-Friendly
Sky Stadium,2,0.0,0.0,0.0,Neutral
Westpac Stadium,21,42.857142857142854,62.5,30.76923076923077,Batting-Friendly
Gaddafi Stadium,18,38.88888888888889,40.0,37.5,Batting-Friendly
MA Chidambaram Stadium,2,100.0,100.0,0.0,Batting-Friendly
Shere Bangla National Stadium,36,41.66666666666667,42.857142857142854,40.0,Batting-Friendly
Kingsmead,23,30.434782608695656,44.44444444444444,21.428571428571427,Batting-Friendly
Zahur Ahmed Chowdhury Stadium,12,41.66666666666667,28.57142857142857,60.0,Bowling-Friendly
National Stadium,9,44.44444444444444,42.857142857142854,50.0,Bowling-Friendly
Sheikh Zayed Stadium,51,62.745098039215684,64.51612903225806,60.0,Batting-Friendly
Brisbane Cricket Ground,1,0.0,0.0,0.0,Neutral
SuperSport Park,23,30.434782608695656,37.5,26.666666666666668,Batting-Friendly
Manuka Oval,21,57.14285714285714,69.23076923076923,37.5,Batting-Friendly
Newlands,27,44.44444444444444,42.857142857142854,46.15384615384615,Bowling-Friendly
Boland Park,9,66.66666666666666,75.0,60.0,Batting-Friendly
Moara Vlasiei Cricket Ground,3,66.66666666666666,66.66666666666666,0.0,Batting-Friendly
Allan Border Field,11,63.63636363636363,50.0,71.42857142857143,Bowling-Friendly
County Ground,49,48.97959183673469,57.692307692307686,39.130434782608695,Batting-Friendly
Old Trafford,24,45.83333333333333,60.0,22.22222222222222,Batting-Friendly
The Rose Bowl,22,36.36363636363637,23.076923076923077,55.55555555555556,Bowling-Friendly
Pierre Werner Cricket Ground,3,100.0,100.0,0.0,Batting-Friendly
College Field,5,40.0,0.0,50.0,Bowling-Friendly
Seebarn Cricket Centre,4,75.0,75.0,0.0,Batting-Friendly
"Seebarn Cricket Centre, Lower Austria",1,0.0,0.0,0.0,Neutral
Desert Springs Cricket Ground,2,50.0,0.0,50.0,Bowling-Friendly
Senwes Park,17,41.17647058823529,28.57142857142857,50.0,Bowling-Friendly
Terdthai Cricket Ground,18,33.33333333333333,36.36363636363637,28.57142857142857,Batting-Friendly
Mangaung Oval,8,50.0,75.0,25.0,Batting-Friendly
Sydney Showground Stadium,4,50.0,66.66666666666666,0.0,Batting-Friendly
Junction Oval,10,40.0,40.0,40.0,Neutral
Kinrara Academy Oval,39,64.1025641025641,64.28571428571429,63.63636363636363,Batting-Friendly
"Mahinda Rajapaksa International Cricket Stadium, Sooriyawewa",7,42.857142857142854,33.33333333333333,50.0,Bowling-Friendly
W.A.C.A. Ground,7,28.57142857142857,0.0,50.0,Bowling-Friendly
St George's Park,12,50.0,37.5,75.0,Bowling-Friendly
Sinhalese Sports Club Ground,10,70.0,80.0,60.0,Batting-Friendly
Buffalo Park,8,75.0,83.33333333333334,50.0,Batting-Friendly
Tribhuvan University International Cricket Ground,10,60.0,100.0,55.55555555555556,Batting-Friendly
Eden Park Outer Oval,2,50.0,0.0,100.0,Bowling-Friendly
"Warner Park, St Kitts",4,25.0,0.0,33.33333333333333,Bowling-Friendly
M.Chinnaswamy Stadium,4,50.0,33.33333333333333,100.0,Bowling-Friendly
Saurashtra Cricket Association Stadium,6,66.66666666666666,75.0,50.0,Batting-Friendly
"National Cricket Stadium, Grenada",3,66.66666666666666,100.0,50.0,Batting-Friendly
Wankhede Stadium,13,46.15384615384615,20.0,62.5,Bowling-Friendly
"Kensington Oval, Barbados",8,25.0,16.666666666666664,50.0,Bowling-Friendly
Holkar Cricket Stadium,6,50.0,50.0,50.0,Neutral
Barabati Stadium,4,50.0,0.0,50.0,Bowling-Friendly
Dr. Y.S. Rajasekhara Reddy ACA-VDCA Cricket Stadium,8,75.0,75.0,75.0,Neutral
"MA Chidambaram Stadium, Chepauk",9,66.66666666666666,71.42857142857143,50.0,Batting-Friendly
ICC Academy,32,59.375,70.58823529411765,46.666666666666664,Batting-Friendly
Greenfield International Stadium,3,33.33333333333333,0.0,50.0,Bowling-Friendly
Pokhara Rangasala,4,50.0,33.33333333333333,100.0,Bowling-Friendly
"Rajiv Gandhi International Stadium, Uppal",4,50.0,33.33333333333333,100.0,Bowling-Friendly
Eden Gardens,11,63.63636363636363,66.66666666666666,60.0,Batting-Friendly
"Brisbane Cricket Ground, Woolloongabba",13,38.46153846153847,36.36363636363637,50.0,Bowling-Friendly
"Vidarbha Cricket Association Stadium, Jamtha",15,26.666666666666668,30.0,20.0,Batting-Friendly
"Darren Sammy National Cricket Stadium, St Lucia",4,50.0,0.0,66.66666666666666,Bowling-Friendly
"Sir Vivian Richards Stadium, Antigua",5,40.0,33.33333333333333,50.0,Bowling-Friendly
Saxton Oval,14,42.857142857142854,33.33333333333333,50.0,Bowling-Friendly
Arun Jaitley Stadium,4,50.0,50.0,50.0,Neutral
"Sir Vivian Richards Stadium, North Sound",10,30.0,50.0,0.0,Batting-Friendly
Tolerance Oval,9,44.44444444444444,40.0,50.0,Bowling-Friendly
ICC Academy Ground No 2,5,60.0,50.0,100.0,Bowling-Friendly
JSCA International Stadium Complex,6,50.0,66.66666666666666,33.33333333333333,Batting-Friendly
Reliance Stadium,5,40.0,33.33333333333333,50.0,Bowling-Friendly
Lalabhai Contractor Stadium,4,50.0,100.0,33.33333333333333,Batting-Friendly
Indian Association Ground,17,47.05882352941176,45.45454545454545,50.0,Bowling-Friendly
North Sydney Oval,5,80.0,66.66666666666666,100.0,Bowling-Friendly
Central Broward Regional Park Stadium Turf Ground,13,53.84615384615385,75.0,20.0,Batting-Friendly
Yeonhui Cricket Ground,5,20.0,50.0,0.0,Batting-Friendly
"The Village, Malahide",18,27.77777777777778,0.0,38.46153846153847,Bowling-Friendly
"Punjab Cricket Association IS Bindra Stadium, Mohali",10,50.0,57.14285714285714,33.33333333333333,Batting-Friendly
Kennington Oval,21,47.61904761904761,57.14285714285714,42.857142857142854,Batting-Friendly
Forthill,10,50.0,66.66666666666666,25.0,Batting-Friendly
Lochlands,7,42.857142857142854,0.0,60.0,Bowling-Friendly
"Sabina Park, Jamaica",1,0.0,0.0,0.0,Neutral
United Cricket Club Ground,9,44.44444444444444,60.0,25.0,Batting-Friendly
Bermuda National Stadium,1,100.0,0.0,100.0,Bowling-Friendly
P Sara Oval,16,37.5,38.46153846153847,33.33333333333333,Batting-Friendly
Headingley,13,38.46153846153847,37.5,40.0,Bowling-Friendly
Mannofield Park,6,50.0,0.0,60.0,Bowling-Friendly
Sportpark Het Schootsveld,14,21.428571428571427,22.22222222222222,20.0,Batting-Friendly
"Queen's Park Oval, Trinidad",2,50.0,50.0,0.0,Batting-Friendly
Lord's,23,47.82608695652174,64.28571428571429,22.22222222222222,Batting-Friendly
Sportpark Westvliet,1,0.0,0.0,0.0,Neutral
VRA Ground,14,42.857142857142854,33.33333333333333,45.45454545454545,Bowling-Friendly
Edgbaston,18,44.44444444444444,45.45454545454545,42.857142857142854,Batting-Friendly
"R.Premadasa Stadium, Khettarama",18,66.66666666666666,55.55555555555556,77.77777777777779,Bowling-Friendly
The Cooper Associates County Ground,7,42.857142857142854,50.0,33.33333333333333,Batting-Friendly
Bready,1,100.0,0.0,100.0,Bowling-Friendly
"Bready Cricket Club, Magheramason",5,80.0,100.0,75.0,Batting-Friendly
St Lawrence Ground,3,33.33333333333333,50.0,0.0,Batting-Friendly
"Civil Service Cricket Club, Stormont",6,50.0,33.33333333333333,66.66666666666666,Bowling-Friendly
Grace Road,12,58.333333333333336,60.0,57.14285714285714,Batting-Friendly
Riverside Ground,7,57.14285714285714,66.66666666666666,50.0,Batting-Friendly
Hazelaarweg,5,20.0,33.33333333333333,0.0,Batting-Friendly
King George V Sports Ground,9,66.66666666666666,100.0,50.0,Batting-Friendly
Trent Bridge,14,50.0,75.0,40.0,Batting-Friendly
"County Ground, New Road",4,25.0,50.0,0.0,Batting-Friendly
Sophia Gardens,15,46.666666666666664,33.33333333333333,50.0,Bowling-Friendly
Sydney Parade,2,50.0,100.0,0.0,Batting-Friendly
YMCA Cricket Club,6,66.66666666666666,75.0,50.0,Batting-Friendly
Sportpark Maarschalkerweerd,10,60.0,25.0,83.33333333333334,Bowling-Friendly
Kyambogo Cricket Oval,6,33.33333333333333,33.33333333333333,33.33333333333333,Neutral
Willowmoore Park,6,33.33333333333333,0.0,50.0,Bowling-Friendly
Lugogo Cricket Oval,3,66.66666666666666,100.0,0.0,Batting-Friendly
"Grange Cricket Club, Raeburn Place",3,66.66666666666666,100.0,0.0,Batting-Friendly
City Oval,2,50.0,0.0,100.0,Bowling-Friendly
LC de Villiers Oval,1,100.0,0.0,100.0,Bowling-Friendly
Castle Avenue,3,0.0,0.0,0.0,Neutral
Takashinga Sports Club,3,66.66666666666666,66.66666666666666,0.0,Batting-Friendly
Old Hararians,12,58.333333333333336,66.66666666666666,33.33333333333333,Batting-Friendly
"Ground 2, Independence Park",4,25.0,25.0,0.0,Batting-Friendly
"Ground 1, Independence Park",6,50.0,25.0,100.0,Bowling-Friendly
Affies Park,1,100.0,0.0,100.0,Bowling-Friendly
Wanderers Cricket Ground,1,100.0,100.0,0.0,Batting-Friendly
Amini Park,6,16.666666666666664,25.0,0.0,Batting-Friendly
FTZ Sports Complex (BOI),1,0.0,0.0,0.0,Neutral
Barsapara Cricket Stadium,5,80.0,100.0,75.0,Batting-Friendly
Asian Institute of Technology Ground,12,66.66666666666666,75.0,50.0,Batting-Friendly
Karen Rolton Oval,1,0.0,0.0,0.0,Neutral
"Daren Sammy National Cricket Stadium, St Lucia",1,0.0,0.0,0.0,Neutral
Southend Club Cricket Stadium,6,66.66666666666666,66.66666666666666,0.0,Batting-Friendly
"Daren Sammy National Cricket Stadium, Gros Islet",9,44.44444444444444,33.33333333333333,50.0,Bowling-Friendly
Providence Stadium,19,52.63157894736842,63.63636363636363,37.5,Batting-Friendly
Bellerive Oval,9,66.66666666666666,66.66666666666666,66.66666666666666,Neutral
Brabourne Stadium,8,62.5,50.0,66.66666666666666,Bowling-Friendly
"Brian Lara Stadium, Tarouba",3,100.0,0.0,100.0,Bowling-Friendly
Diamond Oval,6,66.66666666666666,50.0,75.0,Bowling-Friendly
Chilaw Marians Cricket Club Ground,2,50.0,0.0,50.0,Bowling-Friendly
Colombo Cricket Club Ground,5,80.0,50.0,100.0,Bowling-Friendly
"Kensington Oval, Bridgetown",11,45.45454545454545,60.0,33.33333333333333,Batting-Friendly
Colts Cricket Club Ground,1,0.0,0.0,0.0,Neutral
Botswana Cricket Association Oval 1,8,75.0,50.0,83.33333333333334,Bowling-Friendly
Botswana Cricket Association Oval 2,4,50.0,50.0,50.0,Neutral
"Warner Park, Basseterre",5,80.0,100.0,66.66666666666666,Batting-Friendly
Queens Sports Club,17,35.294117647058826,42.857142857142854,0.0,Batting-Friendly
"Sabina Park, Kingston",6,33.33333333333333,0.0,50.0,Bowling-Friendly
"Pembroke Cricket Club, Sandymount",1,100.0,0.0,100.0,Bowling-Friendly
The Vineyard,1,100.0,100.0,0.0,Batting-Friendly
Royal Selangor Club,6,16.666666666666664,0.0,25.0,Bowling-Friendly
"Queen's Park Oval, Port of Spain",7,28.57142857142857,33.33333333333333,25.0,Batting-Friendly
Nondescripts Cricket Club Ground,6,66.66666666666666,66.66666666666666,66.66666666666666,Neutral
Pukekura Park,1,0.0,0.0,0.0,Neutral
Bert Sutcliffe Oval,6,50.0,50.0,50.0,Neutral
Cobham Oval (New),1,100.0,0.0,100.0,Bowling-Friendly
Himachal Pradesh Cricket Association Stadium,12,41.66666666666667,25.0,50.0,Bowling-Friendly
Green Park,4,75.0,100.0,50.0,Batting-Friendly
International Sports Stadium,2,0.0,0.0,0.0,Neutral
Coolidge Cricket Ground,1,100.0,100.0,0.0,Batting-Friendly
"Grange Cricket Club Ground, Raeburn Place",9,55.55555555555556,60.0,50.0,Batting-Friendly
Clontarf Cricket Club Ground,2,100.0,0.0,100.0,Bowling-Friendly
Malahide,4,25.0,0.0,25.0,Bowling-Friendly
North-West University No1 Ground,3,100.0,100.0,100.0,Neutral
"Windsor Park, Roseau",2,0.0,0.0,0.0,Neutral
R Premadasa Stadium,17,58.82352941176471,46.15384615384615,100.0,Bowling-Friendly
ICC Global Cricket Academy,2,0.0,0.0,0.0,Neutral
M Chinnaswamy Stadium,12,50.0,60.0,42.857142857142854,Batting-Friendly
Eden Park No 2,1,0.0,0.0,0.0,Neutral
"Simonds Stadium, South Geelong",2,50.0,0.0,50.0,Bowling-Friendly
New Wanderers Stadium,11,63.63636363636363,33.33333333333333,75.0,Bowling-Friendly
Sheikh Kamal International Cricket Stadium,2,50.0,50.0,0.0,Batting-Friendly
Western Australia Cricket Association Ground,8,37.5,20.0,66.66666666666666,Bowling-Friendly
"Mission Road Ground, Mong Kok",5,60.0,66.66666666666666,50.0,Batting-Friendly
"Punjab Cricket Association Stadium, Mohali",2,100.0,100.0,100.0,Neutral
Feroz Shah Kotla,11,45.45454545454545,25.0,57.14285714285714,Bowling-Friendly
Khettarama Stadium,1,100.0,100.0,0.0,Batting-Friendly
The Hills Cricket Club Ground,1,0.0,0.0,0.0,Neutral
"Darren Sammy National Cricket Stadium, Gros Islet",1,0.0,0.0,0.0,Neutral
Khan Shaheb Osman Ali Stadium,3,33.33333333333333,33.33333333333333,0.0,Batting-Friendly
Tony Ireland Stadium,2,50.0,100.0,0.0,Batting-Friendly
Sheikh Abu Naser Stadium,5,60.0,60.0,0.0,Batting-Friendly
"National Cricket Stadium, St George's",2,100.0,0.0,100.0,Bowling-Friendly
