catches,run out,stumped,player
7.0,2.0,1.0,TWM Latham
9.0,,,R Ravindra
10.0,,,IS Sodhi
14.0,,2.0,TL Seifert
3.0,2.0,,AF Milne
1.0,,,MNK Fernando
8.0,,,DM de Silva
1.0,,,PM Liyanagamage
12.0,,,KIC Asalanka
11.0,,,PWH de Silva
4.0,1.0,,BG Lister
13.0,1.0,,JDS Neesham
4.0,2.0,,CJ Bowes
12.0,1.0,,MS Chapman
15.0,4.0,10.0,BKG Mendis
,1.0,,CBRLS Kumara
7.0,,,MD Shanaka
21.0,5.0,3.0,JC Buttler
19.0,,,HC Brook
1.0,1.0,,L Wood
10.0,,,SM Curran
16.0,,,DJ Mitchell
9.0,,,FH Allen
11.0,3.0,,LS Livingstone
5.0,,,WG Jacks
7.0,1.0,,MM Ali
12.0,,3.0,DP Conway
14.0,1.0,,GD Phillips
9.0,3.0,,MJ Santner
1.0,,,KA Jamieson
3.0,1.0,,MJ Henry
12.0,,,TG Southee
1.0,2.0,,Rehan Ahmed
8.0,2.0,,D Brown
11.0,,,G Wareham
14.0,4.0,,A Sutherland
10.0,1.0,,TM McGrath
13.0,7.0,8.0,AJ Healy
6.0,1.0,,S Glenn
20.0,9.0,12.0,AE Jones
8.0,4.0,,A Gardner
6.0,4.0,,CE Dean
9.0,,,DN Wyatt
9.0,3.0,,HC Knight
11.0,5.0,,A Capsey
7.0,2.0,,S Ecclestone
3.0,,,JL Jonassen
17.0,9.0,,WK Dilhari
19.0,14.0,14.0,MAA Sanjeewani
6.0,1.0,,SIP Fernando
4.0,2.0,,I Ranaweera
1.0,,,KL Cross
8.0,3.0,,GWHM Perera
7.0,1.0,,KDU Prabodhani
20.0,5.0,,NND de Silva
14.0,3.0,,T Brits
7.0,,,N de Klerk
2.0,1.0,,KADA Kanchana
4.0,1.0,,OU Ranasinghe
4.0,3.0,,BMSM Kumari
1.0,,,CN Nation
7.0,3.0,2.0,RS Williams
4.0,1.0,,EJ Carson
16.0,1.0,,ML Green
,1.0,,HNK Jensen
2.0,3.0,,LMM Tahuhu
9.0,1.0,,SFM Devine
8.0,3.0,,GM Harris
11.0,,,H Kaur
21.0,11.0,12.0,RM Ghosh
12.0,4.0,,Fatima Sana
11.0,3.0,,Sidra Ameen
3.0,,,Bismah Maroof
5.0,2.0,,H Madavi
5.0,,,Lata Mondal
5.0,,,SIR Dunkley
12.0,4.0,,NR Sciver-Brunt
10.0,1.0,,AN Kelly
4.0,3.0,,L Paul
7.0,2.0,,L Delany
,3.0,2.0,MV Waldron
10.0,15.0,12.0,A Hunter
6.0,1.0,,JM Kerr
3.0,4.0,1.0,B Bezuidenhout
16.0,4.0,7.0,S Jafta
3.0,4.0,,A Khaka
13.0,5.0,1.0,BL Mooney
3.0,,,A King
2.0,,,MM Lanning
8.0,,,Fahima Khatun
4.0,4.0,19.0,Nigar Sultana
12.0,2.0,,S Mandhana
10.0,3.0,,ASS Fletcher
11.0,13.0,10.0,SA Campbelle
7.0,2.0,,Nashra Sandhu
10.0,12.0,9.0,Muneeba Ali
5.0,,,Sadia Iqbal
1.0,,,Javeria Khan
1.0,,,Aiman Anwer
7.0,5.0,,EA Perry
3.0,,3.0,Shamima Sultana
6.0,,,HM Rowe
1.0,,,T Holder
4.0,1.0,,Z James
12.0,1.0,,CA Henry
4.0,4.0,,HK Matthews
18.0,3.0,,GH Lewis
14.0,1.0,,Shafali Verma
15.0,3.0,,RP Yadav
4.0,,,KH Sciver-Brunt
7.0,2.0,,CL Tryon
9.0,2.0,,L Wolvaardt
6.0,4.0,,K Ramharack
11.0,3.0,,AC Jayangani
7.0,1.0,,GE Plimmer
11.0,,,SW Bates
13.0,4.0,,AC Kerr
12.0,5.0,,O Prendergast
5.0,1.0,,G Dempsey
5.0,2.0,,JI Rodrigues
4.0,1.0,,Tuba Hassan
1.0,1.0,,FR Davies
13.0,,,A Bosch
8.0,3.0,,S Luus
3.0,,,SS Cottrell
20.0,2.0,,R Powell
9.0,,,J Charles
26.0,5.0,3.0,N Pooran
4.0,,,R Shepherd
12.0,2.0,2.0,Q de Kock
3.0,2.0,,A Nortje
,1.0,,WD Parnell
12.0,,,RR Hendricks
14.0,1.0,,AK Markram
11.0,,,BA King
6.0,1.0,,DA Miller
9.0,4.0,2.0,H Klaasen
8.0,1.0,,RL Chase
6.0,,,Haris Rauf
3.0,1.0,,Zaman Khan
1.0,,,Shan Masood
8.0,1.0,,Iftikhar Ahmed
15.0,2.0,2.0,Mohammad Rizwan
10.0,1.0,,Shadab Khan
8.0,1.0,,Shaheen Shah Afridi
14.0,,,Fakhar Zaman
11.0,1.0,,Babar Azam
4.0,,,WA Young
2.0,2.0,,D Tucker
1.0,,,S Rana
3.0,3.0,7.0,YH Bhatia
,1.0,,RS Gayakwad
1.0,1.0,,B Cooper
7.0,,,S Gajnabi
2.0,3.0,,N Mlaba
6.0,2.0,,AB Kaur
2.0,2.0,,M Klaas
5.0,,,A Dercksen
7.0,2.0,,DB Sharma
16.0,1.0,,RP Burl
19.0,6.0,1.0,C Madande
13.0,1.0,,W Madhevere
6.0,,,CR Ervine
3.0,3.0,,BJ McCarthy
2.0,1.0,,ST Doheny
10.0,1.0,,GH Dockrell
9.0,1.0,,MR Adair
20.0,1.0,,C Campher
24.0,1.0,,HT Tector
,1.0,,F Hand
1.0,1.0,,GI Hume
11.0,2.0,2.0,T Marumani
12.0,,,WP Masakadza
9.0,,,A Balbirnie
3.0,,,PBB Rajapaksa
3.0,,,D Madushanka
20.0,2.0,3.0,SV Samson
5.0,4.0,1.0,Ishan Kishan
14.0,1.0,,HH Pandya
1.0,,,YS Chahal
22.0,2.0,,SA Yadav
3.0,2.0,,DJ Hooda
11.0,3.0,,AR Patel
3.0,,,RA Tripathi
5.0,,,Shubman Gill
6.0,,,M Theekshana
1.0,,,C Karunaratne
2.0,,,Umran Malik
3.0,,,Shivam Mavi
7.0,1.0,,Arshdeep Singh
6.0,1.0,,JA Duffy
3.0,2.0,,Kuldeep Yadav
5.0,1.0,,Washington Sundar
,1.0,,BM Tickner
5.0,,,LH Ferguson
7.0,,,MG Bracewell
27.0,3.0,8.0,Liton Das
15.0,1.0,,Nazmul Hossain Shanto
4.0,,,CR Woakes
4.0,,,Hasan Mahmud
3.0,,,Shamim Hossain
2.0,,1.0,Rony Talukdar
3.0,3.0,,Mustafizur Rahman
21.0,3.0,1.0,PD Salt
9.0,,,AU Rashid
6.0,1.0,,CJ Jordan
6.0,1.0,,Mehedi Hasan Miraz
1.0,,,Tanvir Islam
2.0,,,G Burrows
3.0,,,D Jansen
4.0,1.0,,JA Burrows
4.0,,,C Rumistrzewicz
1.0,,,Mohammad Kamran
16.0,1.0,,C Munoz-Mills
17.0,,,D Doyle-Calle
1.0,,,N Knights
7.0,,,J Butler
2.0,,,R Panchal
4.0,,,LA Burns
2.0,,,C Webster
5.0,3.0,2.0,Mohammad Ihsan
2.0,,1.0,Awais Ahmed
11.0,1.0,,PR Stirling
16.0,3.0,1.0,L Tucker
6.0,,,GJ Delany
5.0,,,GR Adair
6.0,,,B White
1.0,,,Pech Pisa
3.0,1.0,,DA Galia
6.0,1.0,,Ada Bhasin
3.0,2.0,,Damini Ramesh
9.0,,,Shafina Mahesh
2.0,2.0,,NL Jacinta Si Ping
3.0,2.0,,Riyaa Bhasin
,1.0,,Hon Sovannary
,1.0,,Ouen Sophy
4.0,,,JS Pooranakaran
2.0,,,JT Pooranakaran
,3.0,,H Dhavina
1.0,,,Sok Srey Maov
5.0,4.0,5.0,S Smith
10.0,3.0,,D Sabir
3.0,1.0,,MO Jones
10.0,1.0,,Z Burgess
1.0,,1.0,JDA Richardson
6.0,1.0,,A Kirschbaum
5.0,,,S Rossi
1.0,,,P Arrighi
2.0,,,LA Musiani
4.0,,,DMW Rawlins
1.0,,,JDP Albertze
4.0,1.0,,Festus Benn
3.0,2.0,4.0,J Jemison
8.0,3.0,,K Hinds
1.0,,,D Wheatley
5.0,,,M Taylor
4.0,2.0,,Sandeep Goud
2.0,,,T Hewa
6.0,2.0,1.0,RA Sealy
1.0,,,A Wright
3.0,,,P Manning
5.0,,,AF Ifill
1.0,,,M Sohel Patel
1.0,,,JT Darrell
9.0,3.0,,T Manders
7.0,1.0,,KS Leverock
2.0,,,GT Taylor
9.0,3.0,4.0,A Natubhai Ahir
1.0,3.0,,Irfan Hafejee
5.0,1.0,,A Ferguson
9.0,4.0,,AAP Rivero
2.0,2.0,1.0,R Escobar
1.0,,,VC Ahir
1.0,,,KB Ahir
5.0,,,Mahmud Jasat
4.0,1.0,,RDB Ahir
2.0,,,JE Pitcher
7.0,4.0,1.0,P Baron
2.0,,,Sohel Patel
1.0,,,HJ Patel
6.0,3.0,,C Wright
1.0,2.0,,D Johnson
6.0,,,TS Fray
3.0,,,T Taylor
1.0,,,D Mauro
2.0,,,Muhammad Wafiq
11.0,5.0,,Ahmed Faiz
13.0,1.0,,Zubaidi Zulkifle
2.0,,,Rizwan Haider
22.0,2.0,,S Muniandy
8.0,2.0,,S Vijay Unni
10.0,2.0,,MNM Aslam
17.0,3.0,,Bilal Tahir
12.0,5.0,,R Sandaruwan
9.0,3.0,,Rizwan Butt
4.0,3.0,,Imran Anwar
7.0,1.0,,S Veerapathiran
2.0,,,Mohammad Ghazanfar
18.0,7.0,7.0,Zeeshan Ali
5.0,5.0,,Ehsan Khan
5.0,1.0,,Haroon Arshad
8.0,1.0,,Nasrulla Rana
5.0,1.0,,Yasim Murtaza
2.0,1.0,,Shahbaz Badar
17.0,8.0,,Haider Butt
1.0,1.0,,Mohamed Arief
16.0,1.0,,Muhammad Amir
15.0,14.0,9.0,Usman Patel
8.0,,,Shiraz Khan
7.0,4.0,,Aizaz Khan
3.0,,,A Gorawara
24.0,3.0,,Babar Hayat
23.0,,,Nizakat Khan
16.0,3.0,1.0,P Kurup
11.0,1.0,,Junaid Aziz
1.0,1.0,,Sarfaraz Ali
2.0,,,Ali Zaheer
16.0,3.0,2.0,Meet Bhavsar
3.0,,,Shahid Wasif
9.0,2.0,6.0,Syed Aziz
4.0,1.0,,Adnan Idrees
15.0,2.0,,Virandeep Singh
1.0,,,KD Shah
,1.0,,Komalpreet Grewal
7.0,3.0,,G Ishimwe
5.0,2.0,,C Uwase
9.0,11.0,5.0,N Koncharoenkai
5.0,4.0,,R Kanoh
9.0,4.0,,N Chaiwai
2.0,3.0,,O Kamchomphu
5.0,4.0,,J Nkomo
1.0,1.0,2.0,P Mujaji
4.0,4.0,,L Tshuma
8.0,2.0,,S Tippoch
5.0,,,CS Mugeri-Tiripano
7.0,6.0,,P Maya
11.0,10.0,2.0,M Mupachikwa
2.0,2.0,,A Ndiraya
7.0,1.0,,BA Pai
10.0,10.0,2.0,KJ Stagno
3.0,,,PA Raikes
9.0,3.0,2.0,Kuldeep
5.0,2.0,,Amir Zaib
9.0,,,Najjam Shahzad
3.0,,,ARA Chambers
3.0,2.0,,F Stoman
2.0,1.0,,SP Gomes
4.0,2.0,1.0,Suman Ghimire
15.0,5.0,,L Bruce
8.0,1.0,,IDM Latin
2.0,1.0,,Amandeep Singh
3.0,,,Azhar Andani
2.0,,,K Nestor
2.0,4.0,,J Horrocks
4.0,2.0,,JA Fitzgerald
2.0,,,J West
3.0,,,D Marks
8.0,2.0,,VP Thamotharam
4.0,,,SSM Stanislaus
3.0,,,RR Bastiansz
5.0,,,B George
2.0,,,Zohaib Sarwar
8.0,1.0,,DR Patankar
2.0,,,Amar Sharma
,1.0,,A Bishnoi
1.0,1.0,,Fazil Rahman
4.0,,,K Mirpuri
1.0,1.0,,M Machado
9.0,1.0,1.0,Aaftab Alam Khan
6.0,2.0,,Fanyan Mughal
1.0,1.0,,Yash Singh
3.0,2.0,,A Reyes
1.0,1.0,,JD Freyone
12.0,,,Jaspal Singh
1.0,,,N Khanna
1.0,,,BAA Zammitt
4.0,1.0,,HAM Shah
6.0,,,ND Laegsgaard
8.0,3.0,2.0,Abdul Hashim
4.0,2.0,,Raza Iqbal
1.0,,,Raaz Mohammad
7.0,1.0,1.0,Jordan O'Brien
3.0,2.0,,OD Hald
1.0,2.0,1.0,W Boshoff
3.0,,,Shahzeb Choudhry
4.0,,,Imal Zuwak
1.0,,,Abdul Naser Baluch
2.0,2.0,,Saeed Ahmed
,1.0,,Prashant Shukla
3.0,4.0,,Khalid Zahid
3.0,,,SA Ahmad
1.0,,,M Kristensen
1.0,1.0,,Akhil Arjunan
2.0,,,D Abeyrathna
3.0,,,Chaudhary Akram
4.0,,,Vinay Ravi
2.0,,,Junaid Mehmood
,,1.0,Areeb Quadir
2.0,,,Sumit Singh
3.0,1.0,,Parveen Kumar
1.0,,,PF Gallagher
3.0,1.0,,MB Tambe
5.0,1.0,,Amjad Sher
2.0,1.0,,Faheem Nellancheri
3.0,,,Samiullah Rahmani
,1.0,,Abu Zar
1.0,1.0,,Choudry Share Ali
8.0,13.0,3.0,K Awino
5.0,4.0,,J Mbabazi
8.0,3.0,,S Nampiina
3.0,,,E Anyipo
11.0,8.0,,KKN Egodage
26.0,8.0,19.0,Theertha Satish
6.0,2.0,,Khushi Sharma
9.0,2.0,,M Hill
4.0,1.0,,Chan Ka Man
14.0,11.0,9.0,Hiu Ying Cheung
8.0,4.0,,JA Diergaardt
7.0,3.0,,D Foerster
2.0,,,A van der Merwe
13.0,4.0,,Yasmeen Khan
1.0,,,YS To
2.0,2.0,,Ruchitha Venkatesh
14.0,6.0,2.0,Y Daswani
6.0,1.0,,Vaishnave Mahesh
2.0,1.0,,Chaya Mughal
6.0,1.0,,AS Patil
8.0,4.0,,I Nakisuuyi
1.0,,,C Aweko
,1.0,,I Alumo
1.0,6.0,,P Alako
10.0,6.0,,M Bibi
3.0,1.0,,EK Hubbard
10.0,6.0,,W Mwatile
9.0,,,SA Wittmann
17.0,14.0,5.0,M Gorases
1.0,2.0,,E Iloku
1.0,1.0,,S Akiteng
3.0,1.0,,E Van Zyl
8.0,5.0,,ER Oza
6.0,4.0,,M Mwatile
3.0,3.0,,KA Green
9.0,2.0,,MBA Lamplough
9.0,5.0,,KY Chan
1.0,,,Archara Supriya
6.0,6.0,,R Musamali
5.0,4.0,,I van Zyl
2.0,,,V Hamunyela
6.0,3.0,,Rabeya Khan
6.0,1.0,,S Mostary
3.0,,,Fariha Trisna
7.0,4.0,,Nahida Akter
2.0,,,Fargana Hoque
11.0,2.0,,M Jansen
2.0,,,T Bavuma
1.0,,,D Brevis
10.0,,,MR Marsh
6.0,,,MP Stoinis
6.0,2.0,,SA Abbott
11.0,3.0,1.0,JP Inglis
16.0,1.0,,TH David
7.0,,,AM Hardie
12.0,1.0,,MW Short
6.0,,,HE van der Dussen
4.0,,,TM Head
1.0,,,AJ Turner
1.0,,,BC Fortuin
2.0,,,G Coetzee
4.0,,,D Ferreira
9.0,2.0,,SO Hetmyer
6.0,,,AJ Hosein
7.0,2.0,,AS Joseph
3.0,,,BM Duckett
6.0,2.0,,KR Mayers
4.0,1.0,,JO Holder
1.0,,,RJW Topley
1.0,,,O Thomas
4.0,,,SE Rutherford
5.0,,,DA Warner
10.0,,,GJ Maxwell
11.0,4.0,,MS Wade
3.0,1.0,,AD Russell
6.0,5.0,,P Litchfield
6.0,3.0,,SR Taylor
5.0,1.0,,SS Connell
5.0,4.0,,AA Alleyne
1.0,1.0,,ML Schutt
6.0,5.0,6.0,Wan Julia
6.0,3.0,,Mas Elysa
4.0,3.0,,Nur Arianna Natsya
7.0,5.0,1.0,Aina Najwa
7.0,7.0,,Mahirah Izzati Ismail
,1.0,,Nik Nur Atiela
4.0,3.0,,Ainna Hamizah Hashim
10.0,8.0,,I Barma
3.0,1.0,,A Karmacharya
,1.0,,SC Kumari
1.0,,,Christina Baret
2.0,2.0,,Nur Dania Syuhada
3.0,6.0,,WA Duraisingam
1.0,3.0,,J Pandey
5.0,1.0,,B Rawal
1.0,1.0,,Apsari Begam
5.0,4.0,,SR Magar
2.0,1.0,,Samjhana Khadka
7.0,5.0,,K Kunwar
7.0,2.0,,Aisya Eleesa
5.0,2.0,2.0,A Sharma
19.0,2.0,,Ali Naseer
5.0,,,Aayan Afzal Khan
1.0,,,D Cleaver
3.0,,,Ansh Tandon
34.0,4.0,,Waseem Muhammad
1.0,,,Ethan D'Souza
1.0,,,Zahoor Khan
9.0,1.0,,Basil Hameed
1.0,,,Mohammed Faraazuddin
8.0,,2.0,V Aravind
1.0,,,A Aikenhead
1.0,5.0,,A Merritt
3.0,2.0,,C Miles
4.0,10.0,9.0,M Maguire
4.0,,,T Smith
1.0,6.0,,D Nanayakkara
4.0,9.0,,EL Bartram
10.0,5.0,7.0,M Rathnayake
5.0,3.0,,K Peddrick
1.0,,,RG Somashekhar
2.0,3.0,3.0,E Thelander
,2.0,,H Chamto
1.0,,,D Samarawickrama
2.0,1.0,,ME Violleau
1.0,3.0,,A Bester
2.0,,,Rameesha Shahid
6.0,1.0,,A Bierwisch
1.0,,,SR McAnanama-Brereton
3.0,1.0,,E Gouge
2.0,1.0,,Kanchan Rana
1.0,,,S Lundell
,1.0,,Emma Patel
3.0,1.0,,L Wykes-Templeman
5.0,4.0,,TE Britton
1.0,,,AS Withanage
4.0,2.0,5.0,K Vijayaraghavan
1.0,1.0,,O Essiz
1.0,,,Rabia Sahan
2.0,2.0,,AL Seddon
,1.0,,B Verdon
3.0,1.0,,S Kolcharam
,2.0,,IY Mckeon
1.0,,,G Cengiz
1.0,,,HO Karaduman
1.0,,,Rumeysa Alp
2.0,1.0,,N Asuramanage
,1.0,,Jayasooriya
,4.0,,SK Ravuri
1.0,3.0,,G Shukla
1.0,1.0,,S Hanson
1.0,1.0,,MS Beresford
1.0,1.0,,EC Bargna
2.0,,,A Doddaballapur
4.0,1.0,,EAJ Richardson
5.0,5.0,,C Murray
4.0,2.0,,CS Fraser
2.0,1.0,,AK Maguire
,1.0,,A Munisar
3.0,2.0,,L Little
1.0,2.0,,FA Sargent
5.0,1.0,,CH van Koolwijk
21.0,15.0,18.0,B de Leede
1.0,3.0,,P Molkenboer
9.0,4.0,,EN Lynch
2.0,1.0,,R Stokell
5.0,3.0,,F Overdijk
14.0,4.0,,K Waiswa
9.0,1.0,,S Sesazi
21.0,1.0,,RG Mukasa
11.0,3.0,,DM Nakrani
4.0,3.0,,R Nehonde
4.0,1.0,,M Mooketsi
2.0,,,D Maisuria
2.0,,,Vishil Patel
16.0,2.0,4.0,S Singh
7.0,,,GM Muthui
16.0,1.0,,RR Patel
13.0,1.0,,SR Bhudia
15.0,3.0,,RN Patel
8.0,,,Vraj Patel
18.0,6.0,,M Akayezu
11.0,5.0,,O Manishimwe
13.0,4.0,,Riazat Ali Shah
11.0,12.0,12.0,CN Kakuru
4.0,1.0,,LN Oluoch
8.0,2.0,,CO Obuya
2.0,,,AA Obanda
3.0,1.0,,S Nsubuga
12.0,,,R Obuya
12.0,2.0,,AR Ramjani
6.0,4.0,,I Ntirenganya
34.0,17.0,8.0,D Ndikubwimana
17.0,6.0,,E Rukiriza
3.0,1.0,,K Irakoze
7.0,1.0,,C Rububagumya
3.0,1.0,,E Niyomugabo
10.0,2.0,,B Khumalo
3.0,2.0,,K Motlanka
4.0,1.0,,P Koech
7.0,2.0,,T Tshose
7.0,1.0,,W Niyitanga
3.0,,,R Mbaiwa
7.0,3.0,,P Silas
18.0,2.0,,B Masaba
7.0,2.0,,P Murungi
11.0,6.0,,Z Bimenyimana
9.0,2.0,,SO Ngoche
4.0,1.0,,B Kgosiemang
5.0,3.0,3.0,V Mbazo
5.0,5.0,,O Tuyisenge
6.0,,,E Dusingizimana
4.0,2.0,,H Ssenyondo
3.0,1.0,,F Nsubuga
1.0,,,Ameer Saiyed
9.0,3.0,,K Piet
,1.0,3.0,J Peter
7.0,3.0,,Rinitha Rajith
2.0,1.0,,BM Halliday
5.0,,,RMVD Gunaratne
1.0,,,Shahid Afridi
3.0,,,Abdul-Shakoor Rahimzei
8.0,2.0,8.0,Sachin Mandy
4.0,,,SVE Bharathi
7.0,1.0,,V Ganesan
2.0,1.0,,Khalid Ahmadi
1.0,,,Shagharai Sefat
2.0,,,Adnan Razzaq
8.0,4.0,1.0,A Raza
4.0,1.0,,Sahir Naqash
7.0,1.0,,Muslim Yar
1.0,,,Omid Mailk Khel
5.0,2.0,,Shaheryar Butt
9.0,,2.0,Abhishek Ahuja
3.0,,,Ritik Tomar
3.0,,,S Wickramasekara
2.0,1.0,,Riaz Afridi
1.0,,,V Marghashayam
2.0,1.0,,S Davizi
2.0,1.0,,Rahat Ali
3.0,,,P Khari
2.0,,,A Ashokan
5.0,1.0,3.0,Divyendra Singh
2.0,,,Abhijeet Ahuja
1.0,1.0,,Zeeshan Kukikhel
3.0,1.0,1.0,V Ravindran
19.0,1.0,,Tilak Varma
1.0,,,OC McCoy
2.0,1.0,,Mukesh Kumar
5.0,1.0,,SD Hope
15.0,,,YBK Jaiswal
4.0,,,Faisal Mubashir
4.0,,,J van Heerden
6.0,,,Razmal Shigiwal
2.0,,,Shahil Momin
5.0,,1.0,MJ Richardson
3.0,,,A Randhawa
2.0,,,Murat Ipek
2.0,,,Murat Yilmaz
1.0,1.0,,A Turkmen
2.0,4.0,,Ilyas Ataullah
,2.0,,R Nath
3.0,1.0,,AA Gajic
5.0,2.0,,V Zimonjic
3.0,,,V Hristov
,1.0,,Zeerak Chughtai
,1.0,,DV Varghese
,3.0,,Huzaif Yousuf
7.0,1.0,,Gagandeep Singh
2.0,,,P Bosnjak
4.0,,,WAE Burton
3.0,2.0,,LA Dunbar
,1.0,,B Dugic
2.0,2.0,,Saim Hussain
1.0,,,P Mishra
1.0,,,Muhammet Bicer
2.0,,,WK Bitis
,1.0,,Rahman Ademi
3.0,,,Sohail Ahmad
1.0,,,Zain Asif
1.0,2.0,,D Nikolov
1.0,,,Zaid Soulat
5.0,,,Isa Zaroo
,1.0,,BC Sahin
2.0,1.0,,Syeda Aroob Shah
8.0,6.0,,Diana Baig
,2.0,,M Kapp
4.0,1.0,,N Shangase
6.0,1.0,,P Vastrakar
8.0,2.0,,Shorna Akter
1.0,,,H Deol
3.0,1.0,,M Mani
16.0,3.0,,JW Jenner
5.0,,,DG Blampied
5.0,,,JAD Lawrenson
7.0,3.0,,J Sumerauer
6.0,3.0,2.0,AM Tribe
4.0,3.0,,Aqib Iqbal
6.0,1.0,,AJ Mosca
5.0,,,M Campopiano
6.0,2.0,,GP Meade
6.0,,,J Little
5.0,,,CN Greaves
8.0,,,HG Munsey
8.0,1.0,,BJ Currie
4.0,1.0,,MRJ Watt
8.0,3.0,1.0,MH Cross
4.0,,,NA Rock
2.0,,,D Klein
5.0,,,H Carlyon
7.0,1.0,,CW Perchard
4.0,,,SM Sharif
10.0,,,RD Berrington
6.0,1.0,,MA Leask
5.0,,,M Simpson-Parker
8.0,1.0,,C Brennan
4.0,3.0,,NA Greenwood
6.0,1.0,,HJ Manenti
2.0,,,CJPF Kalugamage
3.0,,,BAD Manenti
4.0,,,WL Madsen
1.0,,,Jaspreet Singh
2.0,,,Ghulam Ahmadi
5.0,1.0,,S Thanikaithasan
2.0,,,GT Main
8.0,1.0,,BJ McMullen
4.0,,,Abdullah Mahmood
2.0,,,Saud Munir
4.0,,,S di Bartolomeo
1.0,2.0,,G Stewart
7.0,4.0,,Manpreet Singh
2.0,1.0,,TSS Mackintosh
3.0,,,Musa Shaheen
8.0,2.0,,T Bharaj
2.0,1.0,,GK Berg
3.0,,,Zahid Zadran
1.0,,,EJB Miles
1.0,,,OJ Hairs
8.0,3.0,,DC Smith
6.0,4.0,,LJ Myott
6.0,,,J Alegra
5.0,7.0,5.0,A Patmore
15.0,3.0,,D Suzuki
3.0,3.0,,M Taniyama
13.0,2.0,4.0,K Doriga
10.0,,,TP Ura
1.0,3.0,,R Hekure
9.0,,,A Mansale
1.0,,,Obed Yosef
7.0,2.0,,R Tari
2.0,3.0,,J Rasu
7.0,,1.0,JD Allan
6.0,1.0,,SH Obed
1.0,,,S Navaratne
6.0,1.0,,K Kadowaki-Fleming
6.0,1.0,,AS Samra
6.0,,,JEA Doctora
4.0,6.0,3.0,GR Russ
6.0,2.0,,M Podosky
3.0,1.0,,D Wotu
5.0,,,J Kariko
7.0,1.0,,H Hiri
10.0,1.0,,A Vala
2.0,2.0,,KV Morea
5.0,1.0,,R Drake
13.0,2.0,,S Ravichandran
4.0,1.0,,PK Matautaava
5.0,1.0,,W Nalisa
5.0,2.0,,N Vanua
3.0,2.0,,Huzaifa Mohammed
1.0,1.0,,G Chohan
11.0,2.0,6.0,W Miyauchi
2.0,1.0,,K Kubota
3.0,,,AL Stephen
2.0,,,JP Kaltapau
4.0,3.0,1.0,C Tommy
1.0,1.0,,N Nipiko
7.0,3.0,,L Yamamoto-Lake
6.0,1.0,,R Sakurano-Thomas
6.0,1.0,,I Takahashi
1.0,,,H Isorena
2.0,3.0,,HGV Vare
3.0,1.0,,S Bau
6.0,2.0,,L Siaka
4.0,2.0,,W Wotu
2.0,,,J Vira
3.0,2.0,,ASF Sirah
3.0,3.0,,KDA Lukies
3.0,2.0,,SI Kamea
6.0,,,CJA Amini
3.0,,,H Lin Oo
7.0,1.0,,KK Lin Thu
4.0,,,Pyae Phyo Wai
4.0,1.0,,Khin Aye
,2.0,,Aung Ko Ko
10.0,3.0,,T Wangchuk
2.0,1.0,,S Loday
,1.0,1.0,S Chophel
8.0,3.0,,Tenjin Rabgey
10.0,1.0,,N Nuntarach
1.0,,,K Ghalley
5.0,1.0,,Paing Danu
4.0,,1.0,Y Naing Tun
3.0,2.0,1.0,P Suanchuai
5.0,1.0,,Sarawut Maliwan
13.0,1.0,,C Chatphaisan
8.0,,,S Desungnoen
,1.0,,Wang Qi
,1.0,,Ma Qiancheng
2.0,1.0,,Chen Zhuo Yue
,1.0,,Deng Jinqi
5.0,,,GK Ghalley
,1.0,,A Mongar
1.0,,,Tashi Phuntsho
2.0,4.0,,Namgay Thinley
2.0,,,Myat Thu Aung
11.0,10.0,5.0,AP Yadav
5.0,,,Robert Raina
,,3.0,Wang Liuyang
3.0,,,Zhuang Zelin
11.0,6.0,7.0,Ainool Hafizs
4.0,4.0,,Khizar Hayat
1.0,,,Syazrul Idrus
2.0,2.0,,S Chaturongrattana
8.0,5.0,2.0,S Khiaoto
7.0,,1.0,A Lister
8.0,1.0,1.0,HDJ Siegers
9.0,4.0,,IJR Zwilling
3.0,2.0,,N Chantam
6.0,1.0,,SL Kalis
4.0,2.0,2.0,EL Watson
5.0,4.0,,AH Maqsood
9.0,5.0,8.0,SJ Bryce
6.0,5.0,,C de Lange
,1.0,,AH Thomson
11.0,2.0,,Zeeshan Khan
6.0,4.0,,Waqas Ahmad
5.0,2.0,,Washeem Abbas
7.0,1.0,,E Mathew
29.0,9.0,2.0,C Sudarsanan
10.0,4.0,2.0,Usman Khan
12.0,,,Mukhtar Ghulami
3.0,1.0,,R Mangal
14.0,1.0,1.0,HA Jackson
6.0,,,Dawood Ahmadzai
8.0,1.0,,G Mckeon
4.0,,,SM Warnakulasuriya
9.0,1.0,,Rahmatullah Mangal
3.0,1.0,,J Shaju
5.0,1.0,,B Arora
8.0,1.0,,TC Barker
3.0,2.0,,WJ Cope
1.0,2.0,,E Jabarkhel
,1.0,,A Dhingra
,3.0,,Imran Ameer
7.0,3.0,,J Mees
4.0,,,J Barker
2.0,1.0,,Noman Amjad
4.0,,,Anoop Orsu
5.0,,,L Canessane
3.0,,,Ibrahim Jabarkhel
1.0,,,P Pirabakaran
2.0,1.0,,G Thakur
2.0,1.0,,A Halbhavi
10.0,5.0,,Ahmed Hassan
4.0,1.0,,Ali Nayyer
2.0,,,Ashwin Vinod
2.0,,,MK Gnanasekaram
6.0,,,NK Aneesh Kumar
9.0,1.0,,S Vashisht
1.0,,,Abdul Shakoor
6.0,,,Taranjeet Singh
1.0,1.0,,Osama Mahmood
5.0,,,Arjun Vinod
10.0,2.0,,V Saini
1.0,2.0,,M Koli
19.0,5.0,,S Nadigotla
4.0,,,Gaurav Mishra
1.0,1.0,,Jaswinder Singh
3.0,,,K Fletcher
7.0,1.0,,A Nanda
2.0,2.0,,P Malav
5.0,,,SKS Gill
,1.0,,M Dixit
1.0,,,R Kumar
1.0,,,V Vijh
2.0,1.0,,Zain Ahmad
4.0,1.0,,R Satheesan
1.0,,,C Zavoiu
1.0,,,S Periyalwar
6.0,,,RD Gaikwad
2.0,,,CA Young
5.0,1.0,,S Dube
12.0,3.0,,Ravi Bishnoi
2.0,1.0,,Azam Khan
1.0,1.0,,JM Cox
5.0,,,A Zampa
3.0,,,C Green
6.0,1.0,,J Overton
5.0,,,BA Carse
7.0,,,J Fraser-McGurk
1.0,,,C Connolly
2.0,,,Talha Khan
3.0,1.0,1.0,A Bushell
6.0,2.0,,T Nightingale
3.0,,,LB Ferbrache
12.0,,,T Stubbs
2.0,,,AL Phehlukwayo
2.0,1.0,,JM Sharma
,1.0,,RA Jadeja
4.0,4.0,,Mohammed Siraj
6.0,1.0,,MP Breetzke
1.0,1.0,,LB Williams
22.0,,,RK Singh
4.0,5.0,3.0,R Webster
5.0,2.0,,L Barnett
,1.0,,E Cleator
,2.0,,C Perry
11.0,1.0,1.0,A Argyropoulou
,1.0,1.0,A Makri
1.0,1.0,,M Vervitsioti
1.0,,,A Thorpe
1.0,,,C Henery
1.0,,,RL Blake
2.0,,,T Parisi-mesimeri
3.0,,,S Georgota
2.0,,,T Calingin
2.0,,,JA Rymer
1.0,2.0,,A Littlejohns
2.0,1.0,,D Murphy
,1.0,,E Miller
2.0,,,Umaima Sohail
3.0,2.0,2.0,Najiha Alvi
7.0,1.0,,Nida Dar
5.0,,,FC Jonas
2.0,,,MM Penfold
7.0,1.0,9.0,IC Gaze
,2.0,,RA Mair
2.0,,,BAM Heath
3.0,1.0,,LK Bell
,1.0,,TT Beaumont
8.0,,,DR Gibson
10.0,,,Soumya Sarkar
7.0,,,Tanzim Hasan Sakib
3.0,1.0,,Afif Hossain
12.0,3.0,,Rishad Hossain
13.0,,,Saim Ayub
1.0,,,Aamer Jamal
3.0,,,KS Williamson
2.0,,,Mohammad Nawaz
1.0,1.0,,Mohammad Wasim
1.0,,,Haseebullah Khan
3.0,,,Abbas Afridi
7.0,,,MA Starc
2.0,,,TA Boult
2.0,,,JA Clarkson
2.0,1.0,,SPD Smith
,1.0,,M Prasidh Krishna
5.0,1.0,,NT Ellis
2.0,,,BR McDermott
2.0,,,CJ Green
1.0,,,BJ Dwarshuis
1.0,,,T Sangha
,2.0,,JR Philippe
1.0,,,JP Behrendorff
2.0,,,SS Iyer
3.0,1.0,,Avesh Khan
4.0,,,A Maheshwari
2.0,,,V Zanko
6.0,2.0,,Sheikh Rasik
3.0,,,Zahir Mohammed
6.0,2.0,,Abbas Ghani
2.0,,,A Kheterpal
1.0,,,Yadwinder Singh
1.0,,,Ivan Splicevic
1.0,1.0,,Asif Bevinje
1.0,,,Ijaz Hussain
1.0,,,Luca Petre
2.0,1.0,,R Athapaththu
1.0,,,Sukhkaran Sahi
,1.0,,M Whelan
11.0,,,Arslan Amjad
5.0,3.0,,S Hook
2.0,1.0,,Aditya Panwar
,1.0,,Ram Krishan
8.0,1.0,,A Paul
2.0,,,D Robson
4.0,2.0,,Ali Masood
6.0,3.0,,Bilal Masud
7.0,4.0,1.0,ZL Win
2.0,2.0,,KM Myat
7.0,4.0,3.0,Thae Thae Po
1.0,2.0,,Vathana Sreemurugavel
6.0,9.0,,TT Soe
5.0,5.0,,LL Htun
,2.0,,AE Moe
5.0,1.0,,RR Seth
1.0,3.0,,GK Diviya
1.0,8.0,,MPP San
2.0,7.0,,ZT Kyaw
1.0,,,D Gangwani
,1.0,,A Vaidya
1.0,,,Eman Asim
1.0,,,E Duffy
1.0,,1.0,F Vermeire
4.0,,,HWA Landheer
2.0,2.0,,MM Dekeling
1.0,,,MD Rocha
1.0,2.0,,F Tanguy
1.0,2.0,,R Bowley
2.0,2.0,,TS Sekhukhune
,1.0,,M De Ridder
7.0,2.0,,Parvindar Kumar
20.0,5.0,,Yasin Patel
15.0,2.0,1.0,Manan Ali
11.0,2.0,,Abdul Waheed
,2.0,,Sarfraz Butt
7.0,2.0,,Hisham Sheikh
6.0,3.0,3.0,Imran Ali Butt
11.0,2.0,,Ali Dawood
11.0,9.0,4.0,I Liyanage
7.0,2.0,,MM Baig
4.0,,,Adnan Mirza
2.0,,,Uzair Amir
10.0,1.0,,Muhammad Tanveer
9.0,1.0,,Sayed Monib
8.0,,,Fiaz Ahmed
2.0,,,Muhammad Murad
5.0,,,Muhammad Jabir
4.0,1.0,,H Rathod
9.0,2.0,,Abdul Majid Abbasi
10.0,2.0,3.0,Umer Imtiaz
13.0,,,KH Prajapati
8.0,,,Aqib Ilyas
7.0,1.0,2.0,Naseem Khushi
15.0,,,Rafiullah
18.0,5.0,,Ayan Khan
1.0,,,Jassim Khan
3.0,1.0,,Mohammed Irshad
2.0,,,Bilal Hassun
6.0,,,YM Nkanya
7.0,4.0,1.0,MO Kitunda
6.0,3.0,,S Thakor
6.0,2.0,,AR Patwa
9.0,1.0,,AM Kimote
1.0,1.0,,D Wabwire
1.0,,,J Sebanja
10.0,1.0,,K Nassoro
6.0,1.0,,II Selemani
2.0,,,R Lutaaya
7.0,,,SA Jumbe
12.0,5.0,3.0,AP Rajeevan
7.0,2.0,,M Yunusu Issa
7.0,3.0,,E Kubwimana
2.0,,,Shaik Basha
1.0,1.0,,I Mugisha
4.0,,,DA Mehta
7.0,1.0,,E Sebareme
3.0,,,JM Iradukunda
6.0,4.0,,B Shanti
10.0,3.0,,Zeefa Jilani
1.0,1.0,,Mariamma Hyder
9.0,6.0,6.0,K Shrestha
3.0,2.0,,Iqra Sahar
1.0,1.0,,SL Gomez
5.0,1.0,,Priyada Murali
3.0,7.0,,Maria Jasvi
6.0,5.0,,Amna Tariq
6.0,5.0,,K Joshi
11.0,2.0,,RC Belbashi
1.0,3.0,,M Wai Siu
1.0,1.0,,Irdina Beh Nabil
3.0,2.0,,M Tarimiala
6.0,2.0,,S Solman
4.0,,,Erika Oda
10.0,2.0,,H Iwasaki
1.0,2.0,,K Ota
1.0,,,A Fujikawa
4.0,1.0,,Seika Sumi
3.0,,,V Langiatu
1.0,,,Manal Malik
1.0,2.0,,HMD Rasangika
1.0,3.0,,P Shetty
2.0,1.0,,Ashwini Govinda
1.0,,,SA Panayan
3.0,,,S Thapa
5.0,6.0,,Rizpha Bano
,1.0,,H Agarwal
2.0,1.0,,L Keny
6.0,5.0,4.0,Zi Mei
2.0,1.0,,Zheng Lili
2.0,,,Maryyam Ashraf
5.0,1.0,,Shanzeen Shahzad
6.0,1.0,,Xu Qian
5.0,,,S Choden
1.0,,,Anjuli Ghalley
2.0,1.0,3.0,N Choden
2.0,1.0,,Sonam
2.0,2.0,,Aysha
2.0,,,RS Quyn
1.0,1.0,,Wan Nor Zulaika
2.0,1.0,,Nur Aishah
1.0,1.0,,Puja Mahato
,1.0,,R Poddar
6.0,2.0,,D Wangmo
3.0,1.0,,A Gurung
1.0,,,S Dhadwal
6.0,,,NT Miles
10.0,5.0,,C Sutthiruang
1.0,1.0,,Xiuli Jin
3.0,2.0,,Sadamali Bhakshala
,2.0,,I Suhun
1.0,,,C Zhou
1.0,,,Rongyu Zhao
1.0,3.0,,Mengting Liu
5.0,2.0,,Zon Lin
3.0,6.0,,TT Aung
6.0,5.0,,N Boochatham
,1.0,2.0,K Mataora
5.0,,,Z Maeva
,5.0,,M Yanagida
5.0,8.0,2.0,A Kano
3.0,1.0,,E Toguchi-Quinn
4.0,4.0,,S Kato
5.0,3.0,,R Andrew
2.0,,,R Ova
2.0,2.0,,N Vare
5.0,5.0,3.0,B Tau
2.0,,,K Arua
1.0,1.0,,TH Semau
,1.0,,A Iopu
1.0,,,M Biu
4.0,,,MSC Erasito
1.0,,,I Waqavakatoga
,1.0,,R Muriyalo
4.0,,,S Vaia
3.0,2.0,,P Siaka
2.0,2.0,,T Ruma
2.0,1.0,,I Toua
2.0,6.0,,NLKWR Dewi
6.0,4.0,,NW Sariani
11.0,10.0,13.0,NPAN Sakarini
1.0,2.0,,NK Ariani
4.0,2.0,,M Corazon
1.0,,,T Lafai
1.0,3.0,,Nonoha Yasumoto
1.0,5.0,,A Chandel
3.0,2.0,,V Araa
3.0,1.0,,K Frank
1.0,,,J Sanele
2.0,2.0,,V Mansale
4.0,,,KS Kasse
1.0,,,AK Gonerara
2.0,,,Mia Arda
,3.0,,A Andriani
3.0,,,RD Pangestuti
1.0,,,M Carlot
1.0,,,V Tafea
,1.0,,F Sisifo
1.0,,,P Kaveao
2.0,,,T Maika
2.0,1.0,,HJ Thomas
2.0,1.0,,S Jimmy
4.0,2.0,,G Matome
4.0,,,M Mwangi
6.0,,,MI Khagoitsa
4.0,3.0,,E Wachira
3.0,,,KM Molapo
1.0,,,TJ Mahe
1.0,2.0,,V Phiri
3.0,2.0,1.0,M Kudimba
3.0,,,T Luka
4.0,2.0,,S Kananji
2.0,,,W Ginindza
1.0,,,N Simelane
2.0,2.0,1.0,C Magaia
2.0,1.0,,IE Mulhovo
1.0,1.0,,RF Duvane
,2.0,,RO Mazumba
,1.0,,P Cuinica
3.0,2.0,,Z Kamara
2.0,2.0,,E Kamara
1.0,1.0,,I Quee
2.0,1.0,,J Kowa
2.0,4.0,,BMA Mbida
3.0,1.0,,TMA Leslie
9.0,6.0,4.0,C Muthoni
1.0,1.0,,J Abwom
11.0,3.0,,V Ooko
14.0,3.0,,Q Abel
2.0,2.0,,S Chinawa
,,1.0,P Pheko
2.0,2.0,,S Mosweu
5.0,6.0,4.0,L Mophakedi
4.0,,,F Samanyika
1.0,,,F Pessima
2.0,1.0,,F Conteh
3.0,,,ME Bessala
,1.0,,EGS Kana
,1.0,,SA Akenji
3.0,4.0,,MLN Sissako
1.0,,,II Mabunda
1.0,1.0,,CI Manidom
2.0,1.0,,B Waluma
,1.0,,N Mabila
1.0,,,Ntombizodwa Mkhatshwa
1.0,2.0,,R Turay
1.0,1.0,,C Bull
2.0,,,H Sawaneh
1.0,,,F Malefula
1.0,1.0,,L Malino
6.0,,,A Mokgotlhe
,1.0,,B Freeman
,2.0,,A Fillie
,1.0,,AM Kamara
,,1.0,B Madimabe
1.0,1.0,,MSN Ekani
2.0,2.0,,JC Cullen
5.0,,,A Kolan
1.0,2.0,,SR Thadani
3.0,,,RP Singh
5.0,2.0,,D Dhingra
2.0,1.0,,CR Pagydyala
4.0,4.0,,MR Machado
2.0,1.0,,CS Nascimento
2.0,,,Amarpal Kaur
1.0,,2.0,Habeeba Bader
4.0,1.0,,D McGahey
3.0,1.0,,A Perera
1.0,1.0,,MLG Silva
2.0,3.0,,LV Boas
2.0,1.0,,RMAM Avery
,6.0,,L Cardoso
2.0,1.0,,IM Vaghela
2.0,1.0,,A Galan
,2.0,,N Patron Fuentes
1.0,2.0,1.0,M Lollo
2.0,,,K Kapadia
1.0,,,M Hundal
,1.0,4.0,S Zafar
1.0,,,V Vithanage
8.0,1.0,2.0,S Sriharsha
2.0,,,GC Bhogle
5.0,4.0,,M Castineiras
2.0,,,L Taylor
1.0,1.0,,AC Sabino
1.0,1.0,,RD de Sousa
3.0,,,Saniyah Zia
1.0,,,A Emch
,2.0,,A Stocks
2.0,,,OT Wallerson
1.0,,,V Vasquez
1.0,,,C Sosa
1.0,,,D Saxena
2.0,1.0,,G Kodali
2.0,,,L Agatha
1.0,,,M Artur
1.0,,,M Martinez
1.0,,,AI Chudasama
10.0,2.0,,KE Bryce
1.0,1.0,,M McColl
4.0,2.0,,DEM Carter
13.0,1.0,,R Rijke
,1.0,,PC McGeown
,1.0,,Regina Khan
4.0,,,Ganesh Pooja
4.0,2.0,,S Kanankege
4.0,1.0,,PA Chatterji
1.0,1.0,,M Faisal
1.0,,,HRA Rainey
1.0,1.0,,M Zwilling
2.0,1.0,,C Mahamalage
1.0,1.0,,Akif Raja
6.0,2.0,,Mehran Khan
9.0,2.0,,Mohammad Nadeem
1.0,,,Bilal Khan
1.0,3.0,,Muhammad Jawadullah
1.0,,,L Goodall
1.0,,,A Hlubi
4.0,2.0,1.0,K Meso
6.0,,,Gull Feroza
2.0,2.0,,Waheeda Akhtar
3.0,1.0,,Natalia Pervaiz
9.0,1.0,,ME Bouchier
2.0,,,FG Kemp
3.0,1.0,,Sadaf Shamas
7.0,,,Aliya Riaz
2.0,,,L Filer
,2.0,,LCN Smith
1.0,,,Akbar Khan
1.0,,,S Mathur
1.0,,,C Smith
3.0,1.0,,Aslam Khan
1.0,,,N Pokana
1.0,,,M Charlie
3.0,2.0,,A Nao
,1.0,,DP Vaidya
,1.0,,KS Ahuja
2.0,1.0,,Marufa Akter
1.0,,,S Rani
2.0,1.0,,Sanjida Akter Meghla
1.0,,,Shawaal Zulfiqar
2.0,,,TR Sadhu
7.0,1.0,,E Otgonbayar
1.0,,,M Altankhuyag
9.0,4.0,,Sompal Kami
11.0,10.0,,DS Airee
4.0,2.0,,S Lamichhane
22.0,3.0,,RK Paudel
4.0,,,A Bohara
3.0,,,R Sai Kishore
1.0,,,Muhammad Khan
1.0,,,Hamed Khan
3.0,,,Rohail Nazir
2.0,,,Asif Ali
,1.0,,Haider Ali
1.0,,,Qasim Akram
1.0,,,Khushdil Shah
2.0,1.0,,Pavandeep Singh
1.0,,,Anwar Rahman
2.0,,,Mahmudul Hasan Joy
2.0,,,Rakibul Hasan
2.0,,,Parvez Hossain Emon
1.0,,,Zakir Hasan
8.0,1.0,2.0,Jaker Ali
1.0,,,Mrittunjoy Chowdhury
1.0,,,Mirza Baig
3.0,,,Omair Yousuf
8.0,3.0,,Mohammad Ahnaff
1.0,,,Bukhar Illikkal
13.0,2.0,,CV Anto
,2.0,,Ilyas Ahmed
3.0,,1.0,Mohamed Rishwan
8.0,2.0,,Umar Adam
10.0,,,Ibrahim Hassan
2.0,,,Umair Sharif
4.0,,,Nimish Lathief
1.0,,,Bipin Kumar
1.0,1.0,,Ahmed Baladraf
2.0,4.0,,Zain Ul Abidin
5.0,,,Atif-Ur-Rehman
3.0,,2.0,Haseeb Ghafoor
10.0,4.0,,Mohamed Azzam
2.0,1.0,,Ibrahim Nashath
6.0,1.0,,WJ Malinda
1.0,2.0,,L Shafeeg
8.0,3.0,,Ishtiaq Ahmad
7.0,,1.0,SA Wijeratne
7.0,1.0,,Saad Bin Zafar
,1.0,,JOA Gordon
2.0,,,P Heron
2.0,,,N Ahir
,1.0,,Abdullah Jasat
4.0,,,AC Douglas
3.0,,,C Trott
1.0,,,P Chin
1.0,,,KA Bazil
4.0,1.0,,H Thaker
7.0,3.0,,NR Kirton
1.0,,,N Dutta
1.0,,,JKC Ahir
1.0,,1.0,LR Gaonkar
4.0,,,Kaleem Sana
3.0,,,D Heyliger
2.0,,,AR Naidoo
5.0,1.0,,A Johnson
4.0,1.0,,NS Dhaliwal
1.0,1.0,,DL Brangman
1.0,,,B Manuel
1.0,,,S Kotte
1.0,,,Al Maseera Jahangir
5.0,2.0,,SN Shihepo
4.0,,,N Benjamin
1.0,2.0,,S Gokhale
,1.0,,N Zimonjic
1.0,,,P Nedeljkovic
1.0,,,H Virdee
3.0,,,T Martin
2.0,,,P Hatchman
6.0,,,S Bodha
1.0,,,N Advani
9.0,2.0,,Muhammad Nadir
12.0,6.0,,R Abdulkareem
13.0,1.0,,Mohameed Taiwo
34.0,11.0,2.0,Sulaimon Runsewe
6.0,2.0,,JO Adedeji
5.0,,,KS Bagabena
1.0,1.0,,JK Vifah
6.0,1.0,,DK Anefie
3.0,2.0,,SK Awiah
3.0,2.0,1.0,TK Joseph
1.0,1.0,,M Aboagye
3.0,1.0,,A Turay
4.0,2.0,,G Ngegba
3.0,2.0,,L Lamin
5.0,,,C Bah
2.0,1.0,,M Kpaka
4.0,1.0,,Y Jalloh
3.0,3.0,,R Coker
2.0,,,A Kainessie
11.0,6.0,,SA Okpe
15.0,5.0,,I Danladi
5.0,1.0,,AA Onikoyi
6.0,1.0,,G Bakiweyem
1.0,2.0,,Hamza Khan
9.0,,,IO Okpe
3.0,,,D Ajekun
3.0,1.0,,AE Isesele
4.0,,,P Aho
5.0,4.0,,G Sesay
6.0,10.0,4.0,J Bangura
3.0,1.0,,A Gbla
3.0,2.0,,C Udekwe
2.0,,,Aziz Sualley
1.0,,,OH Agbomadzie
5.0,1.0,,R Bakum
1.0,1.0,,I Kamara
3.0,,,P Useni
2.0,1.0,,Joshua Asia
3.0,,,S Conteh
1.0,,,Yadhira Nunez
,1.0,,Esperanza Rubio
17.0,9.0,6.0,Aasif Sheikh
15.0,3.0,,K Bhurtel
11.0,1.0,,S Jora
9.0,2.0,,Karan KC
8.0,2.0,,Kushal Malla
1.0,,,SM Dhakal
1.0,,,SS McKechnie
5.0,,,A Shukla
2.0,,,Pratis GC
2.0,,,LN Rajbanshi
2.0,,,Khalid Shah
9.0,5.0,,Gulsan Jha
15.0,2.0,,Anshuman Rath
4.0,1.0,,Shoaib Rafiq
5.0,,,Tarun Sharma
,1.0,,Bhargav Narasimha
1.0,,,Simon Shalders
1.0,,,Mario Ovalle
1.0,,,Alfredo Puentes
3.0,1.0,,Shashikant Laxman
14.0,6.0,1.0,Santiago Iturbe
1.0,2.0,,Santiago Duggan
22.0,8.0,1.0,ZE Green
3.0,2.0,,B Shikongo
12.0,1.0,,JJ Smit
11.0,1.0,,JN Frylinck
7.0,,,BM Scholtz
,1.0,,CT Mumba
6.0,1.0,,M van Lingen
4.0,,,LM Jongwe
12.0,2.0,,Sikandar Raza
1.0,,,A Ndlovu
6.0,2.0,,R Ngarava
5.0,1.0,,T Lungameni
8.0,3.0,,MG Erasmus
1.0,,,TS Kamunhukamwe
4.0,,,I Kaia
10.0,1.0,3.0,JP Kotze
4.0,1.0,,Ritu Moni
,1.0,,Umm-e-Hani
13.0,,,A Sharafu
2.0,,,TO Thilappan
13.0,2.0,7.0,PS Athavale
10.0,1.0,,S Chandramohan
9.0,2.0,,M Coetzee
1.0,,,Sachin Kumar
5.0,,,Mirza Ahmed
2.0,,,Kaleemullah
4.0,,,Zeeshan Maqsood
1.0,1.0,,Aryansh Sharma
5.0,1.0,,Junaid Siddique
1.0,2.0,,H Bharadwaj
3.0,,,Shakeel Ahmed
5.0,,,B Yadav
4.0,2.0,,SR Patil
14.0,1.0,4.0,IA Karim
3.0,1.0,,EB Ringera
7.0,1.0,,JN Loftie-Eaton
6.0,1.0,,SC Williams
1.0,,,RB Patel
4.0,,,Akhil Anil
5.0,1.0,,B Muzarabani
,1.0,,TL Chatara
8.0,2.0,,D Wiese
26.0,10.0,7.0,Ahmad Ramdoni
15.0,6.0,,IK Gamantika
,1.0,,DK Shetty
14.0,4.0,,DJ Hawoe
9.0,4.0,2.0,US Hathinjar
13.0,1.0,,GA Priandana
15.0,1.0,,F Banunaek
8.0,3.0,,RM Koda
6.0,3.0,,GC Murtaza
10.0,2.0,,E Beukes
10.0,1.0,,Luqman Butt
2.0,,,Shah Abrar Hussain
6.0,3.0,,Lakshit Gupta
3.0,,,RR Sharan
2.0,,,Prasad Anish
1.0,,,Sivakumar
5.0,,,PR Surve
2.0,2.0,,KC Ramamoorthy
1.0,,,Muhaddis Muhaddis
13.0,2.0,,KD Kesuma
,1.0,,S Bist
2.0,,,R Kanai
3.0,5.0,,NJ Pius
1.0,,1.0,SD Hussein
2.0,,,FO Kibasu
,2.0,,HM Omary
6.0,1.0,,S Mtae
3.0,,,M Pascal
2.0,,,MH Ushanga
2.0,2.0,,SF Jerome
1.0,1.0,2.0,SH Mohamedi
1.0,,,S Kizito
2.0,1.0,,PZ Kamunya
1.0,,,Kiyo Fujikawa
,1.0,,Sangita Rai
1.0,1.0,,WK Lai
10.0,3.0,,BJ Bennett
6.0,2.0,,F Odhiambo
5.0,1.0,,M Musonda
8.0,3.0,,N Sibanda
11.0,4.0,2.0,CT Dhururu
1.0,5.0,,P Marange
1.0,1.0,,AS Qwele
4.0,3.0,,L Piety
5.0,8.0,,H Ishimwe
1.0,1.0,,N Gwanzura
6.0,7.0,1.0,S Etim
1.0,,,V Igbinedion
5.0,,,A Adekunle
1.0,3.0,,P Agboya
2.0,1.0,,C Chukwuonye
1.0,,,I Muhawenimana
3.0,3.0,,B Murekatete
2.0,3.0,,L Anyait
1.0,,,J Ogolla
7.0,6.0,,MD Bimenyimana
1.0,1.0,,B Etim
1.0,1.0,,M Ariokot
16.0,4.0,,IKEG Artawan
2.0,7.0,1.0,HER Tyler
3.0,,,GD Arta
1.0,,,GY Prastama
10.0,1.0,,Anjar Tadarus
,1.0,,NJA Smith
1.0,,,PVD Chameera
4.0,,,S Samarawickrama
11.0,,,NR Kumar
12.0,3.0,3.0,MD Patel
8.0,2.0,,Jasdeep Singh
2.0,1.0,,CJ Anderson
9.0,4.0,1.0,S Movva
4.0,1.0,,R Trumpelmann
3.0,,,OEG Baartman
12.0,1.0,,PHKD Mendis
2.0,,,VJ Kingma
5.0,,,LV van Beek
8.0,1.0,,MP O'Dowd
10.0,3.0,2.0,RR Pant
2.0,,,V Kohli
2.0,,,JJ Bumrah
1.0,2.0,,C Kyewuta
1.0,,,Khalid Kail
6.0,1.0,,Shoaib Khan
4.0,,,JR Hazlewood
2.0,,,SN Netravalkar
4.0,1.0,,MA Jones
1.0,1.0,,BTJ Wheal
5.0,,,Shakib Al Hasan
3.0,1.0,,PA van Meekeren
16.0,1.0,2.0,SA Edwards
1.0,,,TJG Pringle
1.0,,,PJ Cummins
3.0,2.0,,Mohammad Amir
2.0,1.0,,Imad Wasim
3.0,1.0,,CB Sole
4.0,1.0,,DS Bajwa
6.0,3.0,1.0,AGS Gous
5.0,4.0,,Harmeet Singh
9.0,,,Vikramjit Singh
5.0,,,SA Engelbrecht
6.0,1.0,,BFW de Leede
5.0,1.0,,Towhid Hridoy
11.0,,,AK Sah
8.0,3.0,1.0,F Achelam
7.0,,,N Davin
1.0,,,AC Agar
3.0,,1.0,C Tear
3.0,,,Shayan Jahangir
1.0,,,Ali Khan
1.0,,,MA Wood
2.0,,,KA Maharaj
5.0,1.0,,G Motie
8.0,2.0,,Milind Kumar
3.0,,,RG Sharma
2.0,,,K Rabada
1.0,,,JM Bairstow
1.0,,,M Mavunga
,1.0,,JR Loughran
3.0,,,Utkarsh Jain
2.0,2.0,1.0,Thuya Aung
2.0,,,Zhao Tianle
5.0,,,S Godara
,,1.0,N Chejay
5.0,,,Hassan Rasheed
1.0,,,Shaof Hassan
8.0,,,Aman Desai
,1.0,,S Banamali
2.0,1.0,,R Rohan
2.0,,,N Senamontree
10.0,1.0,,AV Lazarus
3.0,1.0,,KH Abe
2.0,,,Waqar Ul Hassan
1.0,1.0,,Shahzaib
7.0,1.0,,Usman Khalid
3.0,,,S Pradhan
8.0,4.0,,Y Saranonnakkun
1.0,,,MK Thakur
16.0,,,Ibrahim Rizan
2.0,1.0,,KTK Rodrigo
3.0,2.0,,K Kato-Stafford
5.0,1.0,,AR Puri
,1.0,,Avi Dixit
7.0,,,R Sharma
1.0,,,Ngawang Thinley
2.0,2.0,,RM Dorji
1.0,,1.0,Manoj Adhikari
2.0,,,Nazwan Ismail
4.0,2.0,,Usman Najeeb
1.0,,,Wei Guo Lei
,1.0,,Tian Sen Qun
4.0,1.0,,Dhananjay Rao
7.0,,1.0,JJ Atkinson
2.0,1.0,,C Hinze
2.0,,,Anas Khan
1.0,,,Huang Junjie
1.0,2.0,,M Thurgate
3.0,8.0,4.0,S Lita D'Sa
,1.0,,Madeeha Zuberi
1.0,,,J Intan
3.0,3.0,,Khadija Khalil
5.0,1.0,,Mahmudullah
3.0,,,AD Mathews
1.0,,,WIA Fernando
5.0,1.0,,Mahedi Hasan
2.0,1.0,,Shoriful Islam
,4.0,,T Putthawong
2.0,1.0,,A Suwanchonrathi
3.0,1.0,,S Dharnidharka
4.0,1.0,,H Hotchandani
3.0,1.0,,Mehak Thakur
2.0,6.0,,NMP Suwandewi
2.0,2.0,,D Wulandari
2.0,,,CM Saldanha
,1.0,,PE Mendonca
,1.0,,A Dcosta
,1.0,,SV Shetty
1.0,2.0,,E Kusuda-Nairn
,2.0,,H Goto
3.0,1.0,,A Mare
1.0,,,Taful Elkhair
,1.0,,Khadija Imtiaz
1.0,,1.0,Sana Butt
2.0,,,Nabaa Naseem
,1.0,,Sumayya Abdul
5.0,1.0,,Y Choden
6.0,1.0,,K Dema
1.0,,,Sani E Zehra
2.0,,,Tshering Choden
7.0,6.0,,HH Aung
1.0,2.0,,ZL Thoon
5.0,2.0,,Vinu Kumar
1.0,2.0,3.0,PSR Gurusinghe
2.0,,,TI Gajanayake
1.0,1.0,,SM Dhanusri
1.0,,2.0,K Winda Prastini
2.0,,,Latsha Haleemath
1.0,,,Aishath Meesa Rameez
1.0,,,D Bhatta
1.0,1.0,,Roma Thapa
2.0,,,Siow Tzin Yee
7.0,2.0,1.0,Dhruv Jurel
1.0,,,B Mavuta
5.0,1.0,,D Myers
7.0,,,Abhishek Sharma
7.0,,,R Parag
1.0,1.0,,M Faraz Akram
1.0,,,TU Deshpande
,1.0,,K Namchaikul
3.0,2.0,,Azyan Farhath
2.0,,,Ismail Ali
2.0,,,Kashif Siddique
11.0,,,Faisal Khan
8.0,,,S Rungrueang
8.0,,,T Jamtsho
4.0,,,Waji Ul Hassan
8.0,2.0,2.0,T Suri
2.0,,,Aryan Lakra
11.0,2.0,,R Chopra
1.0,1.0,,J Jarvis
3.0,,,AT Nidamanuru
2.0,,,W Barresi
1.0,1.0,,RE van der Merwe
2.0,1.0,,T van der Gugten
1.0,,,FJ Klaassen
7.0,,,NRJ Croes
1.0,,,Shariz Ahmad
4.0,,,M Levitt
3.0,4.0,1.0,Shahzaib Jamil
2.0,,,Ehsan Nawaz
2.0,,,AJ Jabiri
7.0,5.0,,Sohail Ahmed
1.0,,,M Syahadat Ramli
4.0,2.0,,Mohamed Shafeeq
2.0,,,JWW Gardner
1.0,,,CA Soper
5.0,1.0,,Ateeq Iqbal
1.0,2.0,,B Bhandari
4.0,,,Lokesh Bam
,1.0,,Aarif Sheikh
1.0,,,Aakash Chand
1.0,1.0,,L Jones
1.0,,,Saidat Mbaki
1.0,,,Rianie Esterhuizen
,1.0,,R Samson
1.0,,,Esther Odunayo
1.0,,,F Chipare
1.0,,,Zulufat Mutoniwase
3.0,,,S Walaza
1.0,,,PE Kulume
1.0,,,F Tunnicliffe
1.0,,,J Winster
2.0,1.0,,S Naidu
1.0,1.0,,J Evans
1.0,,,N Baneti
4.0,1.0,,L Udeh
1.0,,,S Lourens
2.0,1.0,,JC Balt
6.0,2.0,,MB Kruger
2.0,,,T Gwandu
2.0,,1.0,R Mupfudza
7.0,,,J Campbell
1.0,,,K Lion-Cachet
,1.0,,E Frosler
1.0,,,AQM Yako
1.0,,,T Munyonga
4.0,,,L Nyarko
1.0,,,PD Blignaut
1.0,,,DO Leicher
2.0,,,J Miyaji
1.0,,,H Klazinge
,1.0,,NM Odhiambo
1.0,,,Naseem Shah
1.0,,,Usama Mir
2.0,,,D Foxcroft
5.0,1.0,,Murshida Khatun
4.0,,,S Molineux
1.0,,,TJ Vlaeminck
4.0,2.0,,Ahmed Aqeel
4.0,,,SC van Schalkwyk
5.0,3.0,,NP Kenjige
2.0,,,Pargat Singh
4.0,1.0,,Aaron Jones
1.0,,,NK Patel
1.0,,,Taskin Ahmed
6.0,,,Tanzid Hasan
2.0,,,Mohammad Saifuddin
3.0,9.0,,S Laomi
,1.0,,H Karunaratne
5.0,1.0,,A Canning
3.0,,,S Horley
,1.0,,S Siegers
,2.0,,A Mazvishaya
1.0,,,JL Aras
1.0,,,L Jack
2.0,,,K Fraser
1.0,,,SM Mayers
2.0,3.0,,K Ndlovu
2.0,3.0,,J Maguire
3.0,1.0,,K Kavindi
1.0,1.0,,G Chilia
,1.0,,Pooja Shah
,1.0,,S Gimhani
,1.0,,R Slater
1.0,3.0,,I Nandakumar
,2.0,,L Phiri
2.0,,,J Glasgow
1.0,,,Ayesha Zafar
2.0,,,GJ van Rensburg
2.0,,,JT Brassell
3.0,,,V Sukumaran
2.0,,3.0,Nazmus Sakib
,1.0,,Shahrukh Quddus
5.0,2.0,,Ahmer Bin Nisar
1.0,,,Kamran Khan (2)
1.0,,,Musawar Shah
2.0,1.0,,Amir Farooq
1.0,,,Ubaid Minhas
1.0,,,Kamran Khan
2.0,,,Fayyaz Butt
12.0,2.0,2.0,Syed Haider
2.0,,,Muhammad Farooq
,1.0,,Omid Shafi Rahman
2.0,,1.0,PB Gouge
1.0,,2.0,J Kemp
5.0,,,D Birrell
4.0,1.0,,Sahibzada Farhan
7.0,,,XC Bartlett
4.0,,,Agha Salman
2.0,,,Sufiyan Muqeem
,1.0,,SH Johnson
6.0,,,Irfan Khan
1.0,,,H Graham
1.0,,,G Voll
1.0,,,K Marasini
1.0,,,D Hemalatha
2.0,,,TP Kanwar
2.0,2.0,4.0,Dilara Akter
1.0,1.0,,Jahanara Alam
3.0,2.0,1.0,U Chetry
2.0,1.0,,S Nisansala
1.0,1.0,,LJ Payas
1.0,1.0,,H Kerge
1.0,1.0,,B Wani
,1.0,,L Dalbina
2.0,,,L Sormus
,2.0,,YS Blagg
3.0,2.0,,N Caruana
1.0,2.0,,EAS Ferrary
2.0,,,DT Doram
,1.0,,JJ Davidson
,1.0,,S Murari
2.0,,,S Pillai
1.0,,,D Ganesh
,,2.0,Seetharam Guruvayoorappan
1.0,,,JM Obando
3.0,,,G Singhdeo
3.0,1.0,,R Ankad
1.0,,,A Tripathi
3.0,,,Shantanu Kaveri
6.0,,2.0,Praveen Santhanakrishnan
1.0,,,YJC Altamirano
1.0,2.0,,D Rawat
2.0,,,PV Naringrekar
,1.0,,S Elayaperumal
1.0,,,A Dalzell
5.0,1.0,,L Qiao
1.0,,,E Khaliunaa
1.0,1.0,,SAN Maypriani
2.0,,,NKDP Putri
1.0,,,O Amarjargal
1.0,2.0,,NKD Murtiari
3.0,,,IGASF Pratiwi
4.0,,,NKF Rada Rani
5.0,,,TJP Weo
1.0,,,Hilva Noor
1.0,,,SI Bara
,1.0,,DA Sasrikayoni
7.0,,,S Sajana
3.0,2.0,,Renuka Singh
2.0,,,B Phelenyane
,1.0,,MM Mabathoana
2.0,2.0,,M Phiase
5.0,4.0,,O Kgeresi
2.0,,,L Kooagile
1.0,1.0,,MJ Tumukunde
3.0,,,R Shimwamana
,1.0,,C Uwamahoro
1.0,1.0,,J Nyirankundineza
,1.0,,JMV Ingabire
2.0,3.0,2.0,F Irakoze
8.0,5.0,,Rosine Irera
1.0,1.0,,T Kobeli
1.0,,,L Chipanga
1.0,1.0,,A Salomao
1.0,,,O Mondlane
4.0,,,O Keitsemang
,1.0,,T Moitoi
2.0,,,MA Tsemane
3.0,2.0,,G Ingabire
1.0,,,MA Nyabela
3.0,,,S Niyomuhoza
2.0,,,GL Adams
1.0,1.0,1.0,S Smale
,1.0,,MK Villiers
1.0,1.0,,HJ Armitage
3.0,1.0,1.0,CE Coulter Reilly
6.0,1.0,,RD Rickelton
2.0,1.0,,PWA Mulder
1.0,,,MJ Humphreys
4.0,,,O Lutbayar
4.0,1.0,,N Naranbaatar
3.0,,,L Erdenebulgan
2.0,,,G Ganbold
1.0,,,T Sumiya
3.0,,,M Vivekanandan
4.0,1.0,,B Ito-Davis
1.0,,,K Lake
2.0,,,H Upadhyay
1.0,,,A Kadowaki Fleming
1.0,1.0,,J Coetzee
2.0,,,A Kalasi
2.0,,,Gaurav Tiwari
6.0,3.0,,Kamran Ahmadzai
7.0,1.0,,C Roberts
2.0,,,S Stanikzay
1.0,1.0,,Zaheer Zahiri
3.0,1.0,,F Khaliq
1.0,3.0,,S Jamil
1.0,1.0,,Waqas Ali
2.0,,,Muhammad Muneeb
3.0,2.0,,Sheraz Sheikh
1.0,,,Sazzad Hosen
2.0,1.0,,Zaki Ul Hassan
,2.0,,D Dewald
2.0,,,B Niaz
2.0,,,H Niaz
2.0,,,Ikbal Hossain
2.0,,,A Simelane
1.0,1.0,,N Peter
2.0,,,KT Maphaka
1.0,1.0,,O Bell
7.0,3.0,,DJS Dottin
4.0,,,Q Joseph
,1.0,,L Ngidi
2.0,2.0,2.0,ADS Fletcher
4.0,,,FA Allen
4.0,,,MW Forde
3.0,1.0,,S Joseph
2.0,,,A Athanaze
1.0,,,PE Kruger
1.0,,,JF Smith
4.0,1.0,,JG Bethell
4.0,,,DR Mousley
6.0,,,JC Archer
2.0,,,JP Greaves
1.0,,,JNT Seales
1.0,,,M Landsman
3.0,1.0,,S Khurana
,1.0,,MIW van den Raad
4.0,2.0,6.0,C Pyle
,1.0,,M Gouws
1.0,,,Jakob Gul
3.0,,,Firas Hussain
3.0,,,KA Vimlesh
2.0,,,Danyal Raja
2.0,1.0,,M Gogev
2.0,,,J Marples
4.0,1.0,,Muhammad Moiz
1.0,,,Manan Bashir
1.0,,,Waleed Waqar
1.0,,,S Asha
2.0,,,A Reddy
,1.0,,O Ranedoumoun
12.0,7.0,3.0,M Uwase
1.0,3.0,,Geovanis Uwase
2.0,,,T Shadrack
2.0,2.0,,F Eseigbe
2.0,,,E Sandy
5.0,3.0,,J Ajiambo
3.0,,,U Peace
3.0,1.0,,S Sunday
,1.0,,CD Mboe
1.0,1.0,,JAN Ngono
2.0,,,A Letuba
1.0,,,K Inakale
1.0,4.0,,A Ikuzwe
1.0,,,P Mapotsane
2.0,,,W Moutswi
5.0,1.0,,JS Ndanu
2.0,,,V Abuga
3.0,2.0,,LL Dimba
1.0,,,A Alfonso
1.0,2.0,,Mohammed Jimia
,1.0,,I Nandera
1.0,1.0,,A Igbobie
2.0,1.0,,L Idambo
1.0,2.0,,P Maziya
1.0,1.0,,KM Chingaipe
3.0,1.0,,E Waithaka
1.0,,,A Akurut
1.0,,,E Guehoada
1.0,1.0,,S Kushretha
3.0,1.0,,M Cope
4.0,,,JA Burns
5.0,,,J Mosca
1.0,,,Zain Ali
2.0,,,HV Mandhyan
2.0,,,Ali Yalmaz
2.0,,,Muhammad Burhan
1.0,,,M Fontaine
5.0,1.0,,Imran Khan
3.0,,,OJ Webster
1.0,,,EF Beard
3.0,,,MJ Ansell
3.0,1.0,,P Hingorani
2.0,,,AN Lascu
1.0,1.0,,Ali Hussain
4.0,,,Karanbir Singh
1.0,,,Waqar Zalmai
9.0,2.0,3.0,Abrar Bilal
1.0,,,Shadnan Khan
1.0,1.0,,Abdullah Akbarjan
1.0,,,Elan Talker
1.0,4.0,1.0,Abdullah Khan Lodhi
2.0,,,I Elec
1.0,,,L Ward
4.0,1.0,1.0,H McAleer
1.0,,,A Rajshekara
2.0,,,Syed Naqvi
1.0,,,A McAuley
1.0,,,Amar Naeem
3.0,2.0,,I Asif
2.0,1.0,,M Ozturk
,1.0,,Ibrahim Kursad Dalyan
2.0,1.0,,Milad Momend
2.0,1.0,2.0,LSP Siriwardene
4.0,,,Niv Nagavkar
1.0,,,Danyal Akbar
1.0,,,WSLK Narayana
3.0,,,E Solomon
1.0,1.0,,JAM Henri
3.0,,,C Hartmann
2.0,1.0,,Bilal Zalmai
1.0,,,GG Alta
1.0,,,Yair Nagavkar
1.0,,,Aviel Warsulkar
,1.0,,Virendra Kumar
1.0,,,S Bangera
1.0,,,Zeshan Arif
1.0,,,CJ Langford
2.0,,,Sirajullah Khadim
3.0,,,J Vijay
2.0,,,TJ Draca
2.0,1.0,,Delawar Khan
4.0,,2.0,JE Dunford
7.0,2.0,1.0,M Vaik
5.0,1.0,,S Gooch
2.0,2.0,,P Gheewala
3.0,2.0,2.0,SN Pathirana
5.0,,,R Mazumder
4.0,,,J Chialoufas
10.0,1.0,,S Austin
5.0,,,MPGT Ketiyage
,1.0,,NK Tiwari
6.0,1.0,,Taranjit Singh
4.0,2.0,,R Sekaran
5.0,,,A Shahi
2.0,,,Sahil Chauhan
,1.0,,R Parkin
2.0,1.0,,AUKDS Kalugala
1.0,,,Kamal Raiz
1.0,,,J Kominkova
1.0,,,R Pavlickova
2.0,,,E Vukusic
1.0,,,V Romani
1.0,2.0,,I Zigante
,1.0,,A Charles
1.0,1.0,,S Sebastian
,1.0,,P Raghunath
1.0,,,AIV Benatar
,1.0,,H Leko
,1.0,,P Senjug
,2.0,,Z Franova
,1.0,,E Kuncova
,1.0,,RA Reilly
2.0,,,T Kolcunova
,1.0,,S Kolcunova
,1.0,,S Barton
,1.0,,N Liyanage
1.0,3.0,,A Dirannehelage
3.0,5.0,,I Chathurani
1.0,4.0,,T De Silva
1.0,,,Asma Shifa
,3.0,,Viktoria Frey
3.0,,,E Ellermaa
1.0,2.0,,M Valner
1.0,1.0,,S Dunukedeniya
1.0,2.0,,D Koralalage
,1.0,,C Wijesinghe
,1.0,,Maira Saleem
5.0,2.0,,NM Salonen
2.0,,,Ghulam Abbas Butt
4.0,1.0,,Walid Ghauri
5.0,,,Qamar Mushtaque
6.0,1.0,2.0,Khizer Ahmed
8.0,1.0,,Wahidullah Sahak
2.0,,,Ali Saleem
1.0,,,Saif-Ul Islam
3.0,,,Ibrahim Rahimi
2.0,,,AJ Parmar
3.0,,,Javed Maroofkhail
4.0,1.0,,BM Pecic
2.0,,,S Ivetic
4.0,,,H Singh
4.0,2.0,,Musaddiq Ahmed
2.0,,,V Aritharan
1.0,,,Muhammad Fahim
1.0,,,M Stanikzai
4.0,4.0,1.0,A Mundra
3.0,1.0,,Mandeep Singh
3.0,,,Sher Sahak
1.0,,,Rasheed Ali Mamadkhel
4.0,,,Shahid Arshad
,2.0,,Aziz Mohammad
2.0,,,Saber Zakhil
1.0,,,D Marsic
1.0,,,J Grzinic
4.0,,,A Govorko
4.0,,,ZXM Vukusic
1.0,,,LW Potthoff
3.0,,,SKR Mallidi
3.0,,,Fayaz Khan
3.0,1.0,,B Kohler-Cadmore
2.0,,,Idrees Ul Haque
3.0,,,Jai Sinh
,1.0,,Abdullah Rana
4.0,,,ZM Tribe
,1.0,,Sajad Ahmadzai
5.0,,,Luka Woods
3.0,,,PS Roberts
1.0,,,B Jerkovic
,1.0,,Izaz Ali
1.0,,,Waqar Khan
1.0,,,Muhammad Siddiqui
1.0,,,Saeed Waqar Ali
1.0,,,M Raikes
2.0,,,Abdur Rahman Sudais
2.0,,,J Stanigze
3.0,,,A Dizija
1.0,1.0,,Faheem Nazir
2.0,,,Noorkhan Ahmedi
3.0,,,CV Varun
2.0,,,Nithish Kumar Reddy
1.0,,,AAP Atkinson
2.0,,,Harshit Rana
3.0,,,OB Nightingale
1.0,,,Oliver Clapham
3.0,,,B Ward
1.0,,,S Simpson
1.0,,,C Forshaw
8.0,2.0,4.0,IDA Damarell
1.0,1.0,,D Mullen
,4.0,,R Choden
1.0,,,DAL Paramitha
3.0,,,LAR Bommareddy
1.0,,,C Cassell
1.0,1.0,,Yves Cyusa
5.0,1.0,,Sami Sohail
7.0,4.0,,P Zuze
2.0,1.0,,M Choamba
5.0,2.0,,D Jakiel
4.0,1.0,,D Kansonkho
2.0,,,Tanzeel Sheikh
2.0,1.0,,F Mutua
6.0,2.0,,VD Adewoye
4.0,2.0,,Selim Salau
1.0,,,JS Kundi
2.0,1.0,,I Uboh
2.0,1.0,,P Sharma
1.0,,,AM Fernando
2.0,,,M Pathirana
1.0,,,RTM Mendis
3.0,2.0,,Rosie Davis
2.0,,,PJ Stahelin
1.0,,,F Bulpitt
2.0,3.0,1.0,K De La Mare
1.0,,,F Copley
,1.0,,CM Greechan
11.0,,1.0,MJ Hay
2.0,,,TB Robinson
,1.0,,ZGF Foulkes
4.0,,,P Nissanka
,1.0,,B Fernando
2.0,,,C Wickramasinghe
2.0,,,R Siriwardena
4.0,2.0,5.0,A Davidson Soler
,1.0,,Raja Adeel
5.0,,,LT Bichard
2.0,,,M Dale-Bradley
3.0,,,B Fitchet
1.0,,,Ali Rasool
1.0,,,M Worndl
,1.0,,Surya Anand
3.0,1.0,,JOP Scamans
2.0,,,E Kuchey
5.0,,,Habib Khan
3.0,,,AS Mehmi
2.0,,,C Bogdanos
3.0,,,N Katechis
2.0,,,Sajid Khan Afridi
1.0,1.0,,Samader Shadab
1.0,,,Toqeer Ahmad
1.0,,,A Martel
2.0,1.0,,MWR Stokes
,1.0,,Harry Johnson
6.0,,,Dylan Steyn
2.0,,,M Vandrasi
2.0,,,Yasir Ali
1.0,1.0,,V Khanduri
1.0,,,S Vasilakis
1.0,,,A Ahmadhel
1.0,1.0,,R Dianish
1.0,,,S Chaudhary
2.0,1.0,,CPPM Sadun
3.0,,,Mohammad Atif
,1.0,,Omar Rassol
1.0,,,Ziaur Rehman
2.0,,,VS Padhaal
,1.0,,Muhammad Tahir
4.0,,,S Grover
1.0,,,Abul Farhad
1.0,,,Atif Rasheed
1.0,,,Muhammad Yasin
1.0,,,VRB Arachchige
1.0,,,P Deol
1.0,,,Sazib Bhuiyan
2.0,2.0,,ECB Moore
,1.0,,S Sadarangani
,1.0,,ST Frohnmayer
2.0,,,S Malwatta
1.0,1.0,,IU Jayamannage
2.0,1.0,,JE Ronalds
,1.0,,T Araliya
,3.0,,Ilenia Sims
1.0,1.0,,V Buruka
3.0,,,A Aitken-Drummond
3.0,1.0,,Tayyab Tahir
4.0,,,T Musekiwa
1.0,,,Arafat Minhas
1.0,,,Saghar Manzoor
3.0,1.0,,S Houghton
2.0,,,J Danikula
1.0,,,Rashid Hashmi
1.0,1.0,,A Chaubey
2.0,,,D Long Martinez
1.0,,,Hamza Dar
2.0,,,H Satheedevi
1.0,,,K Kekez
5.0,,,L Denny
2.0,1.0,,AJA Samuels
7.0,2.0,1.0,A Ilaoa
4.0,,,A Parima
2.0,,,T Parima
1.0,,,JL Tutty
9.0,1.0,2.0,MTMMJ Ave
2.0,,,Noah Mead
2.0,,,DE Burgess
3.0,1.0,,A Sokovagone
2.0,1.0,,PV Vuniwaqa
2.0,,,DR Tawake
2.0,1.0,,BA Viraliliu
2.0,,,F Suluoto
2.0,,,D Finau
,1.0,,T Misi
4.0,2.0,2.0,M Beitaki
,1.0,,P Dakainivanua
2.0,,,TS Waqavakatoga
2.0,1.0,,JQK Moala
3.0,1.0,,S Cotter
3.0,,,CK Jasmat
3.0,,,D Visser
2.0,,,HB Dickson
1.0,,,T Ritawa
1.0,,,SM Nash
1.0,,,OE Taylor
3.0,,,S Tabuisulu
1.0,,,J Cama
,1.0,,TL Cutler
1.0,1.0,,Mirab Razwan
3.0,4.0,1.0,L Leisner
,4.0,,S Ostergaard
1.0,4.0,,L Ostergaard
,1.0,,M Robinson
,2.0,,Emily Merrien
1.0,,,R Merrien
,1.0,,N Tykhonravova
1.0,2.0,,Alina Aslam
1.0,,,VB Viyala
1.0,1.0,,F Molsgaard
3.0,1.0,,K Brock-Nielsen
1.0,,,AB Slebsager
3.0,,,Yasir Mohammad
2.0,,,J Drysdale
4.0,,,R Klein
1.0,1.0,,ZB Lion-Cachet
1.0,,,BD Glover
1.0,,,K Klein
2.0,1.0,,SR Mukkamalla
9.0,1.0,,Muhammad Umar
1.0,1.0,,Nawaf Ahmed
1.0,,,Saif Ullah Malik
1.0,,,A Mehmood
1.0,,,T Tumursukh
,1.0,,Z Shurentsetseg
3.0,,,B Namsrai
3.0,,,Mohamed Shiyam
1.0,,,R Sheshadri
4.0,,,Janak Prakash
3.0,,,A Mutreja
1.0,2.0,,AE Paraam
3.0,1.0,,Aritra Dutta
1.0,,,S Natsagdorj
2.0,,,A Kaul
2.0,,,WA Simpson
1.0,,,T Amarmend
1.0,,,GPK Wijesingha
,1.0,,Mohamed Miuvaan
1.0,,,Mabsar Abdulla
1.0,,,R Kalimuthu
1.0,1.0,,Azri Azhar
1.0,,,S Hassall
2.0,,,J Hicks
1.0,,,Aneeta Santhosh
1.0,,1.0,N Jovicevic
3.0,1.0,,DS Vlachopoulou
1.0,1.0,,N Dolianiti
,1.0,,F Martin
1.0,1.0,,K Chigora
,1.0,,Rithika Rajith
1.0,,,B Biza
1.0,,,C Moyo
1.0,1.0,,S Tuhadeleni
1.0,,,L Pemhiwa
1.0,,,Ramandeep Singh
,1.0,,Mahnoor Akram
1.0,1.0,,P Agrawal
1.0,,,Ayesha Hasan
,2.0,,C Ostergaard
1.0,2.0,,ML Karlsen
2.0,,,Aarti Priya
,2.0,,MPM Pathirannehelage
1.0,1.0,,NP Dalgaard
1.0,1.0,,EL Kirkman
2.0,1.0,,GEM Brealey
,1.0,,Jagrat Dubey
2.0,1.0,,Kerry Fraser
1.0,1.0,,SH Lawlor
,2.0,,L Holmgaard
1.0,,,Nayab Alizai
1.0,2.0,,JM Nthenya
1.0,,,A Wanjira
,1.0,,C Umutonni
,2.0,,AW Wambua
1.0,,,KV Mehta
,2.0,,N Nojic
1.0,5.0,,T Trajkovic
,2.0,,A Mesarovic
1.0,,,S Simic
2.0,2.0,,M Nikolic
,1.0,,A Hewage
1.0,,,Omar Hussain
,1.0,,TD Chaoana
2.0,,,Maaz Khan
3.0,1.0,,MA Baig
4.0,1.0,,A Limdawala
2.0,,,R Baaleri
1.0,,,AR Balla
4.0,,1.0,AN Toube
1.0,,,H Kinga
1.0,,,DB Loic
1.0,,,L Sanogo
,1.0,,B Pondani
1.0,,,C Tlali
4.0,,,F Baleri
1.0,1.0,,CA Keita
1.0,,,A Nimaga
1.0,,,L Berthe
,1.0,,LM Gabriel
,1.0,,Waseem Yaqoob
4.0,,,GM Ntambalika
,1.0,,BN Toube
,1.0,,JB Abega
1.0,,,LS Barkania
2.0,1.0,,N Tanner
2.0,,4.0,BI Dilruksha
2.0,,,S Pitabeddara
3.0,,,Mudassir Iqbal
,1.0,,Jun Hyunwoo
,1.0,,S Maduranga
1.0,,,Fazil Muhammad
4.0,1.0,,Rhys Burinaga
,2.0,,P Kumbhare
4.0,,,Altaf Gill
2.0,,,Alam Nakash
6.0,1.0,,Asif Khan
1.0,,,A Desai
2.0,,,A Busing-Volschenk
4.0,,,R Dhakal
2.0,,,Ravinderpal Singh
2.0,,,D Khanal
2.0,,,Akhil Kumar
1.0,,,Gurpal Sidhu
1.0,,,K Tathgur
5.0,2.0,1.0,Hammad Mirza
3.0,1.0,,A Davidson-Soler
1.0,2.0,,P Chilongia
2.0,1.0,,EMC Fowler
,2.0,1.0,Tashiba Mirza
1.0,1.0,,JF Smagacz
1.0,,,C Kanta
1.0,,,KR Frost
1.0,,,Memoona Riaz
3.0,,,A Brown-Carrera
,1.0,,S Basharat
4.0,,,I Shukla
1.0,,,C Boyle
1.0,2.0,2.0,Jing Yang
1.0,,,Wei Haiting
,,1.0,Sinae Kim
3.0,2.0,,Cai Yuzhi
1.0,1.0,,Wang Huiying
1.0,,,E Lewis
1.0,,,MDKJ Perera
2.0,,,DN Wellalage
1.0,,,KJ Ferrary
1.0,,,Puneet Arora
3.0,1.0,,Pratik Singh Bais
,1.0,,Kaushal Kumar
,1.0,,Kalyan Manne
1.0,,,R Galgalikar
3.0,3.0,,CC Machado
6.0,,,LF Muller
1.0,1.0,,LH Rodrigues
3.0,,,Muhammad Saleem
1.0,,,A Husain
1.0,1.0,,H Fennell
1.0,,,T Rossi
2.0,2.0,,Luis Hermida
1.0,,,Abhilash Patil
6.0,1.0,,J Singye
1.0,,,S Yeshi
,1.0,,Karma Dorji
3.0,,,C Pengkumta
3.0,,,K Senamontree
9.0,3.0,3.0,Tshering Tashi
3.0,2.0,,J Dzulfikar
2.0,1.0,,AA Rahayu
2.0,2.0,,A Alexander
,1.0,,DGAPD Wiswi
1.0,,1.0,SR Mohan
2.0,,,STRA de Silva
2.0,,,S Rukmal
1.0,,,JM Joao
1.0,,,F Damiao Couana
2.0,,,DV Macome
1.0,1.0,,S Gill
2.0,,,T Horpinitch
1.0,1.0,,Mazharul Islam
,1.0,,TKP Rajapaksha
3.0,2.0,,I Niyomugabo
1.0,,,MF Manjate
1.0,,,Muhammed Manga
2.0,,,AM Rajpurohit
1.0,,,VE Tembo
1.0,,,N Gnanapragasam
5.0,,1.0,FFZ Nhaduate
1.0,,,LI Salomone
10.0,,,D Gumyusenge
2.0,,,Ismaila Tanba
2.0,,,Andre Jarju
3.0,,,FA Cossa
,1.0,,Abubacarr Kuyateh
,1.0,,M Jobarteh
1.0,,,SZ Vayani
1.0,,,G Kansonkho
1.0,,,B Balala
3.0,,,Aamir Kaleem
4.0,,,Sufyan Mehmood
1.0,,,B Siddharth
1.0,,,CN Ackermann
2.0,1.0,,M Perisic
,2.0,,E Prokic
1.0,,,B Ercegovcevic
2.0,,,V NIkolova
1.0,,,D Ruynekova
1.0,,,K Srandeva
1.0,1.0,,J Burton
1.0,,,S Galabova
2.0,1.0,,M Mariyappan
1.0,,,HAG Madhushanka
,1.0,,HL Harji
1.0,,,DM Gondaria
1.0,1.0,,CJ Dias
1.0,,1.0,Bhavani Yekkeli
3.0,,,R Gnanaraj
2.0,,,HM Nicholls
1.0,,,A Savvani
1.0,1.0,,M Syrioti
1.0,,,A Paramythioti
,1.0,,Ma Ruike
1.0,1.0,,T Ariuntsetseg
,1.0,,U Bayarjavkhlan
,1.0,,M Zhu
1.0,2.0,,SY Win
,1.0,,Chan Sau Har
1.0,1.0,,O Erdenebaatar
1.0,1.0,,M Batnasan
1.0,1.0,,Gong Yuting
5.0,1.0,2.0,Swann Htet Ko Ko
1.0,1.0,,Nyeing Cham Soe
2.0,,,Hein Zin Aung
,1.0,,H Lin Aung
3.0,,,FFJ Heo
1.0,,,Nay Lin Htun
5.0,,,Mohammad Rizlan
1.0,1.0,,Owais Ahmed
6.0,,,Zuhaib Zubair
4.0,1.0,2.0,S Sankar
3.0,1.0,,N Salekar
2.0,1.0,,Ikramullah Khan
3.0,,,Abdul Wahid
4.0,,,SS Kang
5.0,1.0,,D Parashar
2.0,,,Salvin Stanly
1.0,1.0,,A Nagarajan
1.0,,,Phon Bunthean
3.0,1.0,,M Chadha
1.0,,,D Dawa
3.0,,,Saqlain Arshad
1.0,,,J Baguma
2.0,,,Muhammad Salman
1.0,,,S Uwera
1.0,,,K Ogola
1.0,,,Taj Nehar
,1.0,,S Forbes
5.0,,,V Balakrishnan
1.0,,,BK Stroud
2.0,,,Dane Leo
2.0,,,M Khojbariya
1.0,,,M Jele
1.0,1.0,,Umair Qasim
3.0,2.0,,T Perera
3.0,4.0,,M Kasselman
2.0,2.0,,O Olaleye
2.0,,,B Isaac
1.0,,,TW Dlamini
,2.0,,M Magagula
1.0,1.0,,S Crowie
,2.0,,T Sandeep
1.0,,,J Suleman
,1.0,,Adil Butt
1.0,,,S Jele
1.0,,,OK Mohamed
,1.0,,PK Dimitri
,1.0,,M Ibrahim
1.0,,,R Francis
,2.0,,AR Leo
1.0,,,Muhammad Amin
,3.0,,DL Mejia
1.0,2.0,,G Morales
1.0,1.0,,T Salcedo
2.0,,,AC Septien
3.0,,,JF Jimenez
1.0,,,MAL Torres
2.0,1.0,,YT Lewis
1.0,1.0,,DG Perez
1.0,,,WM Delgado
1.0,,,DVO Garcia
1.0,,,A Cespedes
1.0,,,AB Martinez
,1.0,,EFB Estrada
1.0,1.0,,M Mangru
1.0,,,SZ Thakor
1.0,,,Raghvi Bist
1.0,1.0,,Fatima Amir
2.0,,,SYD Chan
1.0,,,Jiaping Li
2.0,,,Vishaul Singh
4.0,2.0,,Breeze Ahir
3.0,,,YI Kachhalia
2.0,3.0,3.0,Sohel Ebrahim Desai
4.0,1.0,,A Harris
3.0,,,Rudolph Fox
3.0,1.0,,MFI Assuncao
5.0,3.0,,R Poojary
5.0,2.0,,PK Mohanarangam
5.0,,,GG Banner
3.0,,,J Pakeman
2.0,,,A Oxley
6.0,2.0,,Garret Banner
,1.0,,B Lewis
2.0,1.0,,Guido Angeletti
4.0,,,AK Gokoel
3.0,,,G Singh
,,1.0,V Hirlal
4.0,,,K Fubler
3.0,2.0,,S Foster
5.0,,,YSD Seneveratne
1.0,1.0,,DC Stovell
3.0,1.0,,A Mustafa
1.0,1.0,,DG Weakley
1.0,,,E Duff
3.0,,,Yasar Haroon
2.0,,,GI Gokoel
2.0,,,K Jaikaran
3.0,2.0,,C Stephenson
1.0,1.0,,ML Castillo
3.0,,,NN Banner
3.0,1.0,2.0,J Baker
,1.0,,XSD Smith
1.0,1.0,2.0,K Hardat
2.0,1.0,,BS Stephenson
1.0,,,B Angeltti
2.0,,,ROC Dunka
,2.0,,P Jayeshbhai Patel
2.0,2.0,,P Suman Bhai Ahir
1.0,,,Kawsar Khan
,1.0,,IC Simao
4.0,,,Chare Smith
1.0,,,Lucas Rossi
5.0,,,Manuel Iturbe
2.0,1.0,2.0,L Maximo
,1.0,1.0,Khandubhai Ahir
1.0,,,Ronald Ebanks
1.0,,,YP Dayal
,1.0,,R Smith
1.0,,,L Bonner
1.0,,,A Morris
1.0,2.0,,Jonte Smith
1.0,,,KB Patil
2.0,,,Yusuf Ebrahim
1.0,,,RJ Ramjiawan
1.0,1.0,,V Shaw
2.0,,,O Casasola
1.0,,,G Caisley
5.0,,,Raghav Dhawan
2.0,,,SG Mangela
1.0,,,M Akhigbe
2.0,,,RJ Pierre
1.0,1.0,,AR Perez Rivero
,1.0,,Franz Bur
2.0,,,OGL Bascome
,2.0,,Poorvaja Jagdeesha
1.0,1.0,,Shahreeennawab
,2.0,,Zayneb Fazil
,1.0,,Sarrinah Ahmed
1.0,,,MT Jacob
,1.0,,Shruti Yadav
,1.0,,Abeera Waris
1.0,,,Zuhair Muhammad
1.0,,,Mohammad Amin
1.0,,,Mohammed Nadeem
1.0,2.0,1.0,V Shukla
3.0,,,Ahmad Raza
3.0,2.0,,Nawazish Akhtar
1.0,,,Jay Odedra
3.0,,,Nilansh Keswani
1.0,1.0,,S Sarthak
1.0,1.0,,K Sonavale
1.0,1.0,,O Bastin
,1.0,,G Wetherall
1.0,,,N Laguea
,1.0,,Sonam Palden
1.0,,,Kyte Gullem Keen
3.0,1.0,,ABY Smith
1.0,1.0,2.0,JR Medianesta
1.0,1.0,,E Ungerman
1.0,,,S Merican
,1.0,,R Castillo
1.0,,,SF Sirah
1.0,1.0,,JKD Andreano
1.0,,,Sharmin Akhter
1.0,,,NK Crafton
,1.0,,D Joseph
3.0,,1.0,AK Yadav
,1.0,,M Upadhayay
,1.0,,I van der Woning
1.0,,,Sobu George
1.0,5.0,,Arsalan Arif
1.0,1.0,,Umair Tariq
1.0,,,J Ghelzai
,1.0,,H Khogiyani
1.0,,,Niyas Pullariyil
3.0,,,Hamid Safi
2.0,,,MP Ainsworth
3.0,1.0,,TV Valivarthi
4.0,,,JN du Plooy
1.0,,,Sahel Zadran
1.0,,,Itibarshah Deedar
,1.0,,Asif Shaikh
1.0,,,Hassnain Shah
1.0,1.0,,Ali Sheikh
2.0,,,SP Krishnamurthi
1.0,,,Mujibur Ali
2.0,,,Wasim Ali
1.0,,,Bilal Shah
1.0,,,H Venkataram
,1.0,,AAhan Achar
